Time,Vehicle_ID,Lane,Speed_Limit,Lane_Change,From_Lane,To_Lane,Lane_Change_Reason,Collision,Speed_DP,Acceleration_DP,Latitude_DP,Longitude_DP,Time_Gap_DP,Headway_Distance_DP
1.0,veh0,17178685#0_0,13.89,False,,,,False,2.714440921372443,1.8848273746916675,41.84596338837793,-72.57273841021922,,
2.0,veh0,17178685#0_0,13.89,False,,,,False,4.032562546854024,4.495713236048687,41.845912814127914,-72.57273939106395,,
3.0,veh0,17178685#0_0,13.89,False,,,,False,7.285250055203505,1.259182611343931,41.845907533405,-72.57265384347644,,
4.0,veh0,17178685#0_0,13.89,False,,,,False,5.087395475129597,1.3010085157948197,41.845805757685476,-72.57274442204778,,
5.0,veh0,17178685#0_0,13.89,False,,,,False,-11.228056305699283,2.1436335903508734,41.84591200865171,-72.5727421729462,,
6.0,veh0,17178685#0_0,13.89,False,,,,False,10.26872587102116,3.1028801811171434,41.84587777289437,-72.57273481016932,,
7.0,veh0,17178685#0_0,13.89,False,,,,False,20.126265624232474,4.249365651992775,41.84589241829882,-72.57273847218086,,
8.0,veh0,17178685#0_0,13.89,False,,,,False,26.815512274617504,-8.976479248154646,41.845939488859294,-72.57273850155316,,
9.0,veh0,17178685#0_0,13.89,False,,,,False,2.1282707978971303,0.5748180994633003,41.84590155543366,-72.57268922866153,,
10.0,veh0,17178685#0_0,13.89,False,,,,False,3.828885448652727,3.126535926836368,41.84593494890363,-72.57274414297102,,
11.0,veh0,17178685#0_0,13.89,False,,,,False,22.488590579858283,0.8448226801065175,41.845905082510505,-72.57272322452354,,
12.0,veh0,-17178685#0_0,13.89,False,,,,False,12.86650846732664,5.032174958647374,41.84581777148733,-72.57272910062161,,
13.0,veh0,-17178685#0_0,13.89,False,,,,False,7.359077651708503,-0.4952313579069596,41.84591443888877,-72.57279264066204,,
14.0,veh0,-17178685#0_0,13.89,False,,,,False,-1.4579077174639679,0.47964519055858545,41.8458943482179,-72.57280577368105,,
15.0,veh0,-17178685#0_0,13.89,False,,,,False,7.973355666232237,-1.085237308545402,41.845917266055146,-72.57273591515327,,
16.0,veh0,-17178685#0_0,13.89,False,,,,False,15.563929562857084,2.654040097962934,41.84592671438926,-72.57258627499202,,
17.0,veh0,-17178685#0_0,13.89,False,,,,False,10.620808097701229,0.5472859466735827,41.845972638675285,-72.5727139089385,,
18.0,veh0,-17178685#0_0,13.89,False,,,,False,13.7857439027066,-4.695829173271704,41.84582017478104,-72.5727960818824,,
19.0,veh0,-17178685#0_0,13.89,False,,,,False,6.045315580355236,-4.3899015580973355,41.84594220594686,-72.57275560579542,,
20.0,veh0,-17178685#0_0,13.89,False,,,,False,-1.9834412294294452,-5.1340184786186,41.84590743113104,-72.57274684149246,,
21.0,veh0,-17175529#2_0,22.22,False,,,,False,5.199048350645171,1.5609684237788315,41.84589505343866,-72.57269789864823,,
22.0,veh0,-17175529#2_0,22.22,False,,,,False,-3.331845682092535,-0.8102242453933286,41.8460183646118,-72.57270344208796,,
23.0,veh0,-17175529#2_0,22.22,False,,,,False,14.60619274230703,0.4506939842867723,41.84593737263243,-72.57275895357638,,
24.0,veh0,-17175529#2_0,22.22,False,,,,False,13.51875075508724,-0.7464726641464949,41.84587189401802,-72.57276313356464,,
25.0,veh0,-17175529#2_0,22.22,False,,,,False,11.674949809195823,2.285358822085982,41.84589593550779,-72.57284414562871,,
26.0,veh0,-17175529#2_0,22.22,False,,,,False,13.910595224188,2.6858129368538357,41.84586312714517,-72.57276374474192,,
27.0,veh0,-17175529#1_0,22.22,False,,,,False,15.563888981465425,0.9716272186651622,41.84592148245231,-72.57274796911055,,
28.0,veh0,-17175529#1_0,22.22,False,,,,False,19.811416595548508,1.2820077637497889,41.84592853371242,-72.57268756575482,,
29.0,veh0,-17175529#1_0,22.22,False,,,,False,15.511609865978244,2.4661743980923347,41.84590557548712,-72.57282908022376,,
30.0,veh0,-17175529#1_0,22.22,False,,,,False,18.87840846094332,1.3653799034709664,41.845853712440466,-72.57278695840118,,
31.0,veh0,-17175529#1_0,22.22,False,,,,False,22.24944438397506,-0.29826032855817175,41.84581110291682,-72.57277879971197,,
32.0,veh0,-17175529#1_0,22.22,False,,,,False,10.86904830585263,3.3683129153450864,41.84588233591612,-72.57276779717168,,
33.0,veh0,-17175529#0_0,22.22,False,,,,False,16.109769540307752,-5.129780221523106,41.84586929189044,-72.57280427362166,,
34.0,veh0,-17175529#0_0,22.22,False,,,,False,21.39251141913701,-6.050775719295416,41.84593058266094,-72.57281727285256,,
35.0,veh0,-17175529#0_0,22.22,False,,,,False,23.52704536452802,-9.805662989880148,41.84592275644279,-72.57283139423349,,
36.0,veh0,-17175529#0_0,22.22,False,,,,False,7.345186206694052,-5.736349543331016,41.8459331776408,-72.57289688313966,,
37.0,veh0,-17175529#0_0,22.22,False,,,,False,2.6522461959757493,-5.427099427683061,41.84591761005074,-72.57282090590311,,
38.0,veh0,-17175529#0_0,22.22,False,,,,False,2.578265526339237,-3.8383837097317155,41.84591014658554,-72.5728373520164,,
39.0,veh0,-17175529#0_0,22.22,False,,,,False,-0.4273492676584283,-1.2702060941683158,41.84588549970805,-72.57274988531354,,
40.0,veh0,-17175529#0_0,22.22,False,,,,False,2.9194543281919323,0.015030245838715928,41.845957329272224,-72.57282352271292,,
41.0,veh0,-17175529#0_0,22.22,False,,,,False,4.341351896306151,0.13764490105313598,41.84578116604452,-72.5728169297001,,
42.0,veh0,-17175529#0_0,22.22,False,,,,False,2.0716779143258464,-0.4288700273973518,41.84601393511889,-72.57284846205377,,
43.0,veh0,-17175529#0_0,22.22,False,,,,False,8.056226340486319,-1.4471562857597746,41.84590908589736,-72.57281913801246,,
44.0,veh0,-17175529#0_0,22.22,False,,,,False,0.006496380316093564,0.6708076608138072,41.84592830001066,-72.57284468538826,,
45.0,veh0,-17175529#0_0,22.22,False,,,,False,1.8627676738178707,0.9957680077077384,41.845877357195995,-72.57281466117142,,
46.0,veh0,-17175529#0_0,22.22,False,,,,False,11.869902386053582,-0.09522400816786103,41.845877148705206,-72.57278535987115,,
47.0,veh0,-17175529#0_0,22.22,False,,,,False,-6.215689737677167,-0.7163323941294948,41.84589567884337,-72.57280857701844,,
48.0,veh0,-17175529#0_0,22.22,False,,,,False,5.728814607165987,2.2018265982642333,41.845868904721826,-72.57285023886388,,
49.0,veh0,-17175529#0_0,22.22,False,,,,False,-6.33978006709367,0.2917674023719883,41.84589875579484,-72.57282033822906,,
50.0,veh0,-17175529#0_0,22.22,False,,,,False,-6.044596647021535,2.4039750240572175,41.84591531497107,-72.57284917212463,,
51.0,veh0,-17175529#0_0,22.22,False,,,,False,-9.929422647852334,0.6054276331215078,41.845934063794445,-72.57279728080478,,
52.0,veh0,-17175529#0_0,22.22,False,,,,False,-0.846209725306835,1.7395028730079503,41.84585829131312,-72.57279536011929,,
53.0,veh0,-17175529#0_0,22.22,False,,,,False,-9.080055848768097,-1.182680669155161,41.84589747187284,-72.57283855333192,,
54.0,veh0,-17175529#0_0,22.22,False,,,,False,-4.791939412258216,-0.2864750290154916,41.84590344165101,-72.57286853674373,,
55.0,veh0,-17175529#0_0,22.22,False,,,,False,-9.508309845412441,1.539069942162314,41.845858591822996,-72.57283430388847,,
56.0,veh0,-656588659#0_0,27.78,False,,,,False,-2.968166101120005,0.6974524031866167,41.84589208225801,-72.57282728151958,,
57.0,veh0,-656588659#0_0,27.78,False,,,,False,10.593890044707223,3.742514700144966,41.84586877204907,-72.57284786808194,,
58.0,veh0,-656588659#0_0,27.78,False,,,,False,7.31588375139836,-1.049143246245876,41.84589250401599,-72.57282797984912,,
59.0,veh0,-656588659#0_0,27.78,False,,,,False,8.1875720752505,1.413492915331517,41.84589367362152,-72.57283835836607,,
60.0,veh0,-656588659#0_0,27.78,False,,,,False,12.721418407272722,-0.6415856737748982,41.84584612947022,-72.57282805876982,,
61.0,veh0,-656588659#0_0,27.78,False,,,,False,23.271193333086558,3.3721140497054876,41.845932428984284,-72.57276485659568,,
62.0,veh0,-656588659#0_0,27.78,False,,,,False,17.341762178351928,1.1704848077351926,41.845926921539935,-72.57278993069271,,
63.0,veh0,-656588659#0_0,27.78,False,,,,False,15.130623187615129,-0.5742213775429263,41.845867088981095,-72.57282832009128,,
64.0,veh0,-656588659#0_0,27.78,False,,,,False,18.448902228170482,3.8298767373162264,41.84589133370937,-72.5728295678432,,
65.0,veh0,-656588659#0_0,27.78,False,,,,False,22.80263504783943,1.3452265599753446,41.84587132747089,-72.57271603713757,,
66.0,veh0,-656588659#0_0,27.78,False,,,,False,22.88689019819867,-1.9369756792966655,41.845923060639294,-72.57281646258252,,
67.0,veh0,-656588659#0_0,27.78,False,,,,False,20.00656694830832,-5.492154101162669,41.84590989825953,-72.57288694134849,,
68.0,veh0,-656588659#0_0,27.78,False,,,,False,14.967151092991116,-1.7011968178685493,41.84594071824962,-72.57279306046236,,
69.0,veh0,-656588659#0_0,27.78,False,,,,False,11.395718113242765,-5.108027083279012,41.84592282146777,-72.57278756474263,,
70.0,veh0,-656588659#0_0,27.78,False,,,,False,0.23553040720435092,-3.939891406267634,41.84589728405564,-72.57280878284506,,
71.0,veh0,-656588659#0_0,27.78,False,,,,False,-1.9207954902813071,-10.325272119805959,41.84590727455995,-72.57279858730607,,
72.0,veh0,-656588659#0_0,27.78,False,,,,False,-0.30955186317441985,3.8323415569357167,41.845820016974336,-72.57278712082527,,
73.0,veh0,-656588659#0_0,27.78,False,,,,False,-2.3775135100950138,-2.9137031394038786,41.84591109956022,-72.57277229402013,,
74.0,veh0,-656588659#0_0,27.78,False,,,,False,-1.5121245888440171,-2.4329641432486824,41.84588055157638,-72.57281125811956,,
75.0,veh0,-656588659#0_0,27.78,False,,,,False,3.333771536461427,0.4091196123517875,41.84583598535856,-72.57290298493591,,
76.0,veh0,-656588659#0_0,27.78,False,,,,False,0.9198660970359924,0.4970608522344264,41.84589202713843,-72.5727738415945,,
77.0,veh0,-656588659#0_0,27.78,False,,,,False,-7.317545867932495,-0.05012875644752057,41.84597488703532,-72.57278400847383,,
78.0,veh0,-656588659#0_0,27.78,False,,,,False,2.923037749125797,-0.9769083327337285,41.84598917078189,-72.57275080474237,,
79.0,veh0,-656588659#0_0,27.78,False,,,,False,-1.0729962091281777,-0.2531954906680767,41.84586886018445,-72.57285640813886,,
80.0,veh0,-656588659#0_0,27.78,False,,,,False,12.917435566567292,0.3257887801682955,41.84588507816411,-72.57277356571376,,
81.0,veh0,-656588659#0_0,27.78,False,,,,False,-10.174532226315932,0.39398353898650385,41.84591511960366,-72.57278075483354,,
82.0,veh0,-656588659#0_0,27.78,False,,,,False,2.729867208036012,-0.04938108261376328,41.845917890953416,-72.57276634742674,,
83.0,veh0,-656588659#0_0,27.78,False,,,,False,-5.806311917389394,-1.675472269020247,41.84590764822749,-72.57279298274554,,
84.0,veh0,-656588659#0_0,27.78,False,,,,False,5.8583524482819485,-1.8758391201008635,41.845814086571295,-72.5728020807841,,
85.0,veh0,-656588659#0_0,27.78,False,,,,False,-26.94172978055576,0.05513422807598545,41.845901133460394,-72.57282507345546,,
86.0,veh0,-656588659#0_0,27.78,False,,,,False,-2.7239153829432325,1.4520397543310537,41.845804233785685,-72.57279443971126,,
87.0,veh0,-656588659#0_0,27.78,False,,,,False,-0.5926057219039649,1.5365589557513886,41.84586156310103,-72.57280567340607,,
88.0,veh0,-656588659#0_0,27.78,False,,,,False,-3.847343743102101,-5.727361951170678,41.84591473700788,-72.57276326420904,,61.74590146302944
89.0,veh0,-656588659#0_0,27.78,False,,,,False,4.529582675342681,-1.7198515167565347,41.845899459741325,-72.57280250829618,,100.74255366210127
90.0,veh0,-656588659#0_0,27.78,False,,,,False,-1.9080223703422234,1.4355761192819045,41.8459943461387,-72.57279498555916,,0.1800150596536696
91.0,veh0,-656588659#0_0,27.78,False,,,,False,1.161975624600018,2.3284988258455996,41.84589195984369,-72.57288393465534,,54.114508214290254
92.0,veh0,-656588659#0_0,27.78,False,,,,False,0.7213513802998932,-0.24560990279314865,41.845902107558246,-72.57273534283236,,108.61348165414529
93.0,veh0,-656588659#0_0,27.78,False,,,,False,-8.268527108928538,1.1316516564093035,41.845787357543195,-72.57281513124346,,
94.0,veh0,-656588659#0_0,27.78,False,,,,False,13.579964266849856,-2.5837544112255273,41.845889676538974,-72.57277412528599,,
95.0,veh0,-656588659#0_0,27.78,False,,,,False,-3.8029899367975304,-0.8158741296701919,41.84592677044244,-72.57286283936085,,
96.0,veh0,-656588659#0_0,27.78,False,,,,False,11.626204495842103,4.18751519136822,41.84588650113453,-72.57281739293002,,
97.0,veh0,-656588660#6_0,27.78,False,,,,False,4.932958187448094,-0.9861594148005679,41.845890159699806,-72.57279705503552,,
98.0,veh0,-656588660#6_0,27.78,False,,,,False,6.646460594558448,1.9987088179295824,41.8458646513846,-72.57279106642474,,
99.0,veh0,-656588660#6_0,27.78,False,,,,False,-12.08438535782625,2.25541018299009,41.845907812585864,-72.57285080515427,,
100.0,veh0,-656588660#6_0,27.78,False,,,,False,3.7879988808053895,0.38815151172457263,41.84581339856995,-72.57279947813998,,
101.0,veh0,-656588660#6_0,27.78,False,,,,False,26.444209122128086,-0.24890489440622332,41.8458345433055,-72.57280404132162,,
102.0,veh0,-656588660#6_0,27.78,False,,,,False,17.66653512927587,5.274392840790824,41.84582356240519,-72.57273787814731,,
103.0,veh0,-656588660#6_0,27.78,False,,,,False,5.148511783481808,3.9246347833086475,41.845897728726804,-72.57279874657578,,
104.0,veh0,-656588660#6_0,27.78,False,,,,False,16.01931970674923,0.5564495302496653,41.845976371125396,-72.5728139036705,,
105.0,veh0,-656588660#6_0,27.78,False,,,,False,29.57942207827,0.9616780536671286,41.84589319522612,-72.5727745644097,,
106.0,veh0,-656588660#6_0,27.78,False,,,,False,25.22574537526816,0.9394729662617465,41.84592268565813,-72.57278124042044,,
107.0,veh0,-656588660#5_0,27.78,False,,,,False,29.46572385721811,2.142466723204052,41.84586588600579,-72.57278851983345,,
108.0,veh0,-656588660#5_0,27.78,False,,,,False,23.889365468094184,1.653851656616098,41.84586213600375,-72.57274802442946,,
109.0,veh0,-656588660#5_0,27.78,False,,,,False,16.612002653891977,0.1035779211215413,41.84594607361451,-72.57277185960163,,
110.0,veh0,-656588660#5_0,27.78,False,,,,False,13.124697324659792,-3.052330581971546,41.84593553289603,-72.57277841284946,,
111.0,veh0,-656588660#5_0,27.78,False,,,,False,27.953396363118372,0.6147835085230327,41.84589540675089,-72.57280346377195,,
112.0,veh0,-656588660#5_0,27.78,False,,,,False,26.56645823958388,-0.8861229707981693,41.84582025376458,-72.57276450923307,,
113.0,veh0,-656588660#5_0,27.78,False,,,,False,26.32055873228819,0.7171750016168517,41.84582783598898,-72.57275405776178,,
114.0,veh0,-656588660#4_0,27.78,False,,,,False,30.69959937431122,0.6662679921737436,41.845845695097914,-72.57276372754079,,
115.0,veh0,-656588660#4_0,27.78,False,,,,False,23.697764410288073,1.052972664061599,41.84587612156202,-72.57275037776591,,
116.0,veh0,-656588660#4_0,27.78,False,,,,False,18.259741737238073,0.24708129658029065,41.84585815789755,-72.572751560817,,
117.0,veh0,-656588660#4_0,27.78,False,,,,False,28.13644781194307,2.6271108800792717,41.845857541117276,-72.57269947875022,,
118.0,veh0,-656588660#4_0,27.78,False,,,,False,26.641113180878165,-0.8588355740830593,41.84590468112473,-72.57275651677816,,
119.0,veh0,-656588660#3_0,27.78,False,,,,False,34.41738573787006,-0.6322972371617652,41.84582337668968,-72.57274456356147,,
120.0,veh0,-656588660#3_0,27.78,False,,,,False,28.049046930318582,-2.8761016805874533,41.845832753002874,-72.57277779722138,,
121.0,veh0,-656588660#3_0,27.78,False,,,,False,30.3927215234944,1.2388214502843766,41.84588972831303,-72.57279414088794,,
122.0,veh0,-656588660#3_0,27.78,False,,,,False,43.688633478217525,-1.1075109917746886,41.84586629328963,-72.57277591356055,,
123.0,veh0,-656588660#2_0,27.78,False,,,,False,29.994674353059963,0.02968851773039205,41.845910112357856,-72.57272362364792,,
124.0,veh0,-656588660#2_0,27.78,False,,,,False,17.507133894432627,-1.6338118144049076,41.84582832585038,-72.57277300583236,8.277919132686293,242.17559568275465
125.0,veh0,-656588660#2_0,27.78,False,,,,False,34.74352871902374,3.237342295640701,41.84586752614097,-72.5727891658555,11.641104643531435,270.9428168812883
126.0,veh0,-656588660#2_0,27.78,False,,,,False,67.77204195582453,2.803604031318173,41.84588175752404,-72.57279358278365,10.539237372457137,287.92221981007606
127.0,veh0,-656588660#2_0,27.78,False,,,,False,11.872103202855214,0.5574983090082242,41.8458332928804,-72.5727772621305,,
128.0,veh0,-656588660#1_0,27.78,False,,,,False,21.42156002237607,-2.801061343172478,41.8458443245426,-72.57275810148018,,
129.0,veh0,-656588660#1_0,27.78,False,,,,False,21.255675708925992,4.382486095486456,41.84587699432029,-72.57274209150522,,
130.0,veh0,-656588660#1_0,27.78,False,,,,False,46.05315072531084,0.3054460813800688,41.8459001579566,-72.57275904706725,,
131.0,veh0,-656588660#1_0,27.78,False,,,,False,38.479370555098285,0.2653049709551851,41.84586305932841,-72.57275973641467,,
132.0,veh0,-656588660#1_0,27.78,False,,,,False,46.09664695204265,1.2415145502054656,41.845876980057994,-72.5727510554445,,
133.0,veh0,-656588660#1_0,27.78,False,,,,False,31.84421145246597,-1.2297415734628885,41.845783120139764,-72.57272765426488,,
134.0,veh0,-656588660#1_0,27.78,False,,,,False,27.196259258751525,-0.7630258415811113,41.84584614884249,-72.57270408039224,,
135.0,veh0,-656588660#1_0,27.78,False,,,,False,20.85004989056324,0.9960321830603789,41.84577969131422,-72.57271269926827,,
136.0,veh0,-656588660#0_0,27.78,False,,,,False,29.2334124111876,2.4748390276090504,41.84589670857886,-72.57275186080709,,
137.0,veh0,-656588660#0_0,27.78,False,,,,False,11.987604441368603,-0.25032771283440525,41.84581915148279,-72.5727452957684,,
138.0,veh0,-656588660#0_0,27.78,False,,,,False,13.687021185702179,2.275990575342803,41.84589169593508,-72.57277418485602,,
139.0,veh0,-93816732#4_0,27.78,False,,,,False,25.403080211406632,-2.4721229937094904,41.84584396926961,-72.57284337212774,,
140.0,veh0,-93816732#4_0,27.78,False,,,,False,32.079350211817655,1.5998973658097384,41.8459280042993,-72.57275637575174,,
141.0,veh0,-93816732#4_0,27.78,False,,,,False,24.20181194225006,1.102723917350886,41.845860810571715,-72.57276252763008,6.530712535859493,132.03823645459488
142.0,veh0,-93816732#3_0,27.78,False,,,,False,36.265781484762556,-3.203190078786065,41.84589292512948,-72.57274034697599,8.380182333277844,97.61908296291949
143.0,veh0,-93816732#3_0,27.78,False,,,,False,25.768909493075626,-0.13788312122596835,41.84588647385756,-72.57271272147212,,
144.0,veh0,-93816732#3_0,27.78,False,,,,False,29.722053545629024,0.8630611369771941,41.84581806618278,-72.572746592273,,
145.0,veh0,-93816732#2_0,27.78,False,,,,False,23.570656180920196,-0.01361111867481668,41.84584197310671,-72.57280019692804,5.8693369715692825,156.20441318053054
146.0,veh0,-93816732#2_0,27.78,False,,,,False,23.140589854381687,-2.9439620273860783,41.845848962076516,-72.57279670597566,4.076632571477603,-42.66086788784014
147.0,veh0,-93816732#2_0,27.78,False,,,,False,31.816213004552992,-1.3842301765889715,41.845891934052766,-72.57274493205423,,
148.0,veh0,-93816732#1_0,27.78,False,,,,False,17.10661947875633,-3.0270649293051974,41.845844012510014,-72.57273196977835,4.8999277325419826,219.37240553158335
149.0,veh0,-93816732#1_0,27.78,False,,,,False,32.785792611968645,-0.7557619005947345,41.845865162440134,-72.57269570469234,3.035541399869544,42.97907083528116
150.0,veh0,-93816732#1_0,27.78,False,,,,False,21.739433268929133,-3.3274432874513877,41.845818090345105,-72.57273365194203,5.259270533366362,86.3394548012293
151.0,veh0,-93816732#1_0,27.78,False,,,,False,4.720458154297376,-7.278188917083753,41.84584817772441,-72.57278129063299,4.358912619054536,43.653106327401474
152.0,veh0,-93816732#0_0,27.78,False,,,,False,17.903375902125845,-4.91056216584002,41.84587901384894,-72.57273520403119,1.988252378985635,117.73746134899557
153.0,veh0,-93816732#0_0,27.78,False,,,,False,20.185044244099117,-3.576214770639126,41.84583200086774,-72.57281322522279,3.436172374862508,127.85390856378945
154.0,veh0,-93816732#0_0,27.78,False,,,,False,10.9428669746776,-1.8100314698276634,41.84585792938303,-72.57274755647134,3.7546101111565804,-12.282961303659249
155.0,veh0,-93816732#0_0,27.78,False,,,,False,9.964210142425145,-5.034488402738134,41.84580472093677,-72.57274238609985,1.7301007767582632,65.16291098919464
156.0,veh0,-93816732#0_0,27.78,False,,,,False,-2.119661340060702,-2.224579146657561,41.845825559434914,-72.57275498909766,0.5215832589874481,-22.85439569770824
157.0,veh0,-93816732#0_0,27.78,False,,,,False,22.26690946699091,-2.976865608443404,41.845847039884966,-72.57275543461267,-0.41269893326898455,-9.192141423583962
158.0,veh0,-93816732#0_0,27.78,False,,,,False,15.673298580310075,1.6425034266576404,41.84586399196473,-72.5726707030647,0.7107632191655284,-160.463630757411
159.0,veh0,-93816732#0_0,27.78,False,,,,False,4.5735680060170125,0.7128504595420964,41.845831420045336,-72.57273089908227,0.2526622923596733,23.80881705635693
160.0,veh0,-93816732#0_0,27.78,False,,,,False,5.329042255259992,-0.1850043114463915,41.845833387079175,-72.57280667134816,1.9088557539525937,62.67220341402572
161.0,veh0,-93816732#0_0,27.78,False,,,,False,8.471613657820853,-0.0390418350471009,41.845742575667444,-72.57278234396634,0.10994205473252805,-102.70293362182565
162.0,veh0,-93816732#0_0,27.78,False,,,,False,4.062240810249932,1.5309808114870975,41.84583671919153,-72.57274211703256,3.853374274691305,-28.08604968362488
163.0,veh0,-93816732#0_0,27.78,False,,,,False,17.80083925186773,0.20872520542980055,41.84577725490194,-72.57273252663711,6.016641466345391,63.153746220399626
164.0,veh0,-208922162#4_0,22.22,False,,,,False,6.5325793215524754,2.775228176273231,41.845857216671504,-72.57274672695486,2.8318787830867223,34.10206081456272
165.0,veh0,-208922162#4_0,22.22,False,,,,False,11.270914616834489,0.2045770537260978,41.84582486750815,-72.57273803210201,4.067165691207265,41.63420631317422
166.0,veh0,-208922162#4_0,22.22,False,,,,False,17.39030521400855,1.8604003527107125,41.84583129396258,-72.572714203855,6.554650821330142,-44.72513205278665
167.0,veh0,-208922162#4_0,22.22,False,,,,False,17.43742109531013,3.9196423894918553,41.84586129520422,-72.5727230628785,-2.3739796467398264,43.84584749210626
168.0,veh0,-208922162#4_0,22.22,False,,,,False,11.117208933035727,0.04472528068436077,41.84581303421143,-72.57272104532251,5.293777541117379,-60.43089820537716
169.0,veh0,-208922162#4_0,22.22,False,,,,False,22.820560329055297,1.2657995165209286,41.84584616155672,-72.57271513520553,0.6532782077283628,-1.582587966346182
170.0,veh0,-208922162#3_0,22.22,False,,,,False,37.30657099002565,2.9065620349119854,41.84590079578893,-72.57271506492187,3.482176788549623,13.18808900465956
171.0,veh0,-208922162#3_0,22.22,False,,,,False,7.437011976981012,1.0983922668474406,41.84571180367821,-72.57274049168797,1.6693562371001462,73.24235268874327
172.0,veh0,-208922162#3_0,22.22,False,,,,False,29.63317616718996,-0.28861588340259914,41.84579791744922,-72.57268442610588,1.8559920855095697,79.70392522693146
173.0,veh0,-208922162#3_0,22.22,False,,,,False,18.519008245573787,-2.4851146114415315,41.84583213180383,-72.57268653074992,2.8407097227318445,24.358677937008906
174.0,veh0,-208922162#2_0,22.22,False,,,,False,25.975698351830943,-2.934003556752941,41.8458390967963,-72.57272998947249,5.018915503469543,12.728653626516461
175.0,veh0,-208922162#2_0,22.22,False,,,,False,33.729376553485054,-1.026679925607823,41.845913078769186,-72.57268625423535,2.428043086438265,23.916765706031583
176.0,veh0,-208922162#2_0,22.22,False,,,,False,17.0133761167599,-1.9334394091838476,41.845866549934776,-72.57272841125227,2.8547002273371618,42.164759781968314
177.0,veh0,-208922162#2_0,22.22,False,,,,False,20.43745810571272,4.137946526881933,41.8458017124935,-72.57274268498026,-1.140315093432946,84.89434293383965
178.0,veh0,-208922162#2_0,22.22,False,,,,False,8.918644978373777,3.9456302664166287,41.8457936509832,-72.57277010141856,-0.6275194728077622,45.52245809242595
179.0,veh0,-208922162#2_0,22.22,False,,,,False,19.080104875050893,-0.8131883703208587,41.8458126945216,-72.57266768265211,2.9192318879759114,22.42879502719734
180.0,veh0,-208922162#2_0,22.22,False,,,,False,17.92871431507956,-0.7951648467569612,41.84581958133886,-72.57269195614059,1.9198727610382775,33.08807509712642
181.0,veh0,-208922162#2_0,22.22,False,,,,False,16.010765219332825,-1.3860369692247332,41.845819441426485,-72.57274492583804,2.5601283297382906,-31.765594291267917
182.0,veh0,-208922162#1_0,22.22,False,,,,False,19.32329986646073,-1.0295815918452718,41.845846352055744,-72.57270332304995,4.9485948433830345,235.9135321622598
183.0,veh0,-208922162#1_0,22.22,False,,,,False,43.035246848150564,0.20501291669279453,41.845810999728755,-72.57271130630866,0.10316405320008926,-29.107942439848557
184.0,veh0,-208922162#1_0,22.22,False,,,,False,14.222572835431492,5.6753584421003325,41.845841593621756,-72.57268862716174,-2.6210253922799893,42.152799811563455
185.0,veh0,-208922162#1_0,22.22,False,,,,False,8.647049810431781,1.176649813529366,41.845805707510074,-72.57262880744949,-1.305987538640693,18.76105859526433
186.0,veh0,-208922162#1_0,22.22,False,,,,False,25.366466871048033,-0.019098497474260512,41.84581335380233,-72.57269689742924,2.477382705432319,-13.759907792729791
187.0,veh0,-208922162#1_0,22.22,False,,,,False,22.311218664079206,-2.081366085760237,41.84582920647032,-72.57270882321731,2.345239488484367,15.05525305122137
188.0,veh0,-208922162#1_0,22.22,False,,,,False,4.838949200733623,0.48389196007519786,41.84582058629492,-72.5726292149589,3.6244298089350195,77.40411650150781
189.0,veh0,-208922162#1_0,22.22,False,,,,False,25.458014892945357,-0.8066780454009859,41.84581097854931,-72.57276357300742,-0.6054058569825429,-31.538048911781516
190.0,veh0,-208922162#0_0,22.22,False,,,,False,14.385589370605885,1.7349169445205916,41.84582035413789,-72.57268666905694,-0.6824834095477854,97.65176133869682
191.0,veh0,-208922162#0_0,22.22,False,,,,False,16.103192153881537,-0.275432486911086,41.845834299580325,-72.5726736546645,2.0102200585770333,-144.19731667713495
192.0,veh0,-208922162#0_0,22.22,False,,,,False,18.96835521877074,0.15648875280930952,41.84587423589287,-72.57271417329427,4.207896165218699,81.7420829598559
193.0,veh0,-208922162#0_0,22.22,False,,,,False,15.496767035401717,-0.7930627480582189,41.84600751700549,-72.57267128579404,1.5090279496598669,47.47759970376501
194.0,veh0,-208922162#0_0,22.22,False,,,,False,12.526838709105505,-0.33354672043424216,41.845741958821044,-72.57269014241338,3.3548965079698974,47.6466651110095
195.0,veh0,-208922162#0_0,22.22,False,,,,False,17.123499157656624,-2.0213295691337407,41.845794338092944,-72.57268186455339,-0.5458401196956402,68.13596559863072
196.0,veh0,-208922162#0_0,22.22,False,,,,False,19.622540702970582,1.4503409865792491,41.84581181629916,-72.5727402778215,2.204309603328511,-101.0638460489572
197.0,veh0,-208922162#0_0,22.22,False,,,,False,22.02519884625508,-0.5584917737905926,41.845748612177246,-72.57268969614013,3.545401374594803,-78.94252147426596
198.0,veh0,-17189640#2_0,22.22,False,,,,False,17.210335284435132,0.05584009836456971,41.845829587883344,-72.57269964985642,-1.0612862342695735,135.25504114234354
199.0,veh0,-17189640#2_0,22.22,False,,,,False,16.640781893256644,2.330289398398236,41.84579770253867,-72.57268754231211,2.8088756024080794,-272.98551650805166
200.0,veh0,-17189640#2_0,22.22,False,,,,False,18.019385259744013,-1.216420112117703,41.84583832296801,-72.5727398362552,-0.29110448249412,-2.502658962039277
201.0,veh0,-17189640#2_0,22.22,False,,,,False,20.521323125205527,2.154877043925808,41.84569606472646,-72.57272700423528,-1.9393141805830965,51.26016229233937
202.0,veh0,-17189640#2_0,22.22,False,,,,False,12.548362283443566,0.6450398118468001,41.845815389582135,-72.57268188529478,1.3720528333997208,53.33151951391483
203.0,veh0,-17189640#2_0,22.22,False,,,,False,16.8439200747016,-1.680734913365086,41.84578499975067,-72.57271201538627,2.021757398155387,-25.30738436593674
204.0,veh0,-17189640#2_0,22.22,False,,,,False,33.26184516528156,0.8865421953069017,41.84576410279777,-72.57264889603496,0.18041782273212448,-6.075453340134118
205.0,veh0,-17189640#2_0,22.22,False,,,,False,8.056033519060293,-0.1749121814063983,41.84558377213934,-72.57271076226587,-2.752824208511811,36.99889283848461
206.0,veh0,-17189640#2_0,22.22,False,,,,False,21.28001097303786,-0.3936757315441355,41.845814717017014,-72.57269277592557,0.05745009537713486,74.57813899614848
207.0,veh0,-17189640#2_0,22.22,False,,,,False,11.05160168207658,-2.758274313446236,41.84578179376396,-72.57268362309746,1.469778713893902,-40.48404865292832
208.0,veh0,-17189640#2_0,22.22,False,,,,False,13.187790465344733,1.0724178090076748,41.845841306255366,-72.5727045581527,1.3885334444148612,14.69894819741603
209.0,veh0,-17189640#2_0,22.22,False,,,,False,1.8238454728052602,6.334281091378216,41.845799365331864,-72.5727059458701,0.2277065556263551,-77.37531522993231
210.0,veh0,-17189640#2_0,22.22,False,,,,False,17.790117861477484,-1.0496569196093333,41.84578826467389,-72.57273217813038,-1.2460261630385503,12.807842744747177
211.0,veh0,-17189640#2_0,22.22,False,,,,False,21.08979445193836,0.22263738999026828,41.84587115036765,-72.57270813867966,3.997663876072693,79.39543680951465
212.0,veh0,-17189640#1_0,22.22,False,,,,False,19.970398627381655,0.028206402217620052,41.84590109104502,-72.57273559509264,1.2153354648780805,-69.3630687679397
213.0,veh0,-17189640#1_0,22.22,False,,,,False,6.399850590794813,1.3552470887225354,41.845872553850135,-72.57269632761718,2.4548995052864484,-13.157038002682384
214.0,veh0,-17189640#1_0,22.22,False,,,,False,3.102222894936858,-0.8907479235094797,41.845809937180974,-72.57270216330318,3.847025875849795,-18.24179295497015
215.0,veh0,-17189640#1_0,22.22,False,,,,False,11.744055744820798,-0.4957077613344154,41.84582913325549,-72.57268510429766,1.0673357866307924,52.474277197383344
216.0,veh0,-17189640#1_0,22.22,False,,,,False,23.20737002199894,-0.31487826313605183,41.84582452063217,-72.57269253537231,-1.6540893456494814,104.88128216366749
217.0,veh0,-17189640#0_0,22.22,False,,,,False,17.159126260165067,0.9483189090151427,41.84579884563275,-72.5727315886242,1.5617379019513464,12.724325430463068
218.0,veh0,-17189640#0_0,22.22,False,,,,False,8.579589319284423,-2.048196219791862,41.845852672682774,-72.57272501428378,-0.2882769381685648,39.89245193981333
219.0,veh0,-17189640#0_0,22.22,False,,,,False,17.35516542787809,-0.8315643661353533,41.84582008300346,-72.57272791096645,3.32841861740053,50.384516876074485
220.0,veh0,-17176692#6_0,22.22,False,,,,False,17.63784581398795,-2.259272060704461,41.845745142050376,-72.57275002753781,0.795021123427432,-19.03746596700512
221.0,veh0,-17176692#6_0,22.22,False,,,,False,27.34763971123175,4.569547390039588,41.845886571268124,-72.57270834970576,1.0416203148088243,-5.339742464537267
222.0,veh0,-17176692#5_0,22.22,False,,,,False,19.447065849773935,2.2661146258087683,41.8458581630591,-72.57274350727052,2.2258287174809084,42.629807605582755
223.0,veh0,-17176692#5_0,22.22,False,,,,False,12.419699633741402,3.015393039384435,41.8457824660339,-72.57275101401291,-0.12235062431318511,9.910147555405274
224.0,veh0,-17176692#5_0,22.22,False,,,,False,17.900408549190615,-1.5562973661781143,41.84575193629716,-72.57273517327589,0.05755963247247564,31.070710562053137
225.0,veh0,-17176692#4_0,22.22,False,,,,False,16.366860619033105,-2.075317233471651,41.845803854444455,-72.57271362215428,0.5631735447259416,8.051494652230758
226.0,veh0,-17176692#4_0,22.22,False,,,,False,24.060465684873634,9.850981211024191,41.84579074523262,-72.57273426464276,0.8207787263745558,67.54614909831434
227.0,veh0,-17176692#4_0,22.22,False,,,,False,25.30759772311285,-4.03945085144187,41.845752647547314,-72.5726752616864,1.2828450364686432,-58.87696352117928
228.0,veh0,-17176692#4_0,22.22,False,,,,False,22.16583781911322,7.84609945221564,41.84580656023744,-72.57277017553731,-0.46379974647788913,145.2017122731777
229.0,veh0,-17176692#4_0,22.22,False,,,,False,14.467312128224876,-0.15782891106573516,41.84578176369651,-72.57270950209401,0.7946005670328304,27.86573952966137
230.0,veh0,-17176692#4_0,22.22,False,,,,False,12.36410829686065,-2.057637113653982,41.84588146175372,-72.57271523685307,4.536358948927955,103.33170630055247
231.0,veh0,-17176692#4_0,22.22,False,,,,False,21.04554491765157,-0.673329410243241,41.845828022758845,-72.57272559145709,1.0937811890289595,23.658098521933425
232.0,veh0,-17176692#4_0,22.22,False,,,,False,9.87037481815787,-0.3955846890457906,41.845736329620436,-72.57270544392324,-1.5918236234083452,71.72313576377928
233.0,veh0,-17176692#4_0,22.22,False,,,,False,4.6481681772493175,-0.7513106226670061,41.84584873476873,-72.5728967287704,5.639214060975064,-76.052575461159
234.0,veh0,-17176692#4_0,22.22,False,,,,False,48.14932178220624,1.5534208959270472,41.845721955588886,-72.57270470446952,5.124236396399283,-37.81334482913371
235.0,veh0,-17176692#4_0,22.22,False,,,,False,16.11606500970811,-0.8850492266192305,41.84577035713276,-72.57273861598283,0.3866605548228108,-3.8477996875881217
236.0,veh0,-17176692#3_0,22.22,False,,,,False,12.828197262235335,-2.9092189505772694,41.84578204794333,-72.57270292678066,-1.0950532004790148,50.310164555558
237.0,veh0,-17176692#3_0,22.22,False,,,,False,12.22483055243356,1.056416925319354,41.84578382898455,-72.57274043774059,-2.549866971347001,-182.83214243681869
238.0,veh0,-17176692#3_0,22.22,False,,,,False,18.582960840911255,2.1530297479785077,41.845797830590925,-72.57270727031009,1.8924768860997574,142.69002975570038
239.0,veh0,-17176692#3_0,22.22,False,,,,False,25.46608255837782,0.5752119803782989,41.845869063082205,-72.57275742476952,3.1136104205343145,-23.471176888793707
240.0,veh0,-17176692#3_0,22.22,False,,,,False,3.1749986366994563,0.8746202646871097,41.84574722668472,-72.57282560200309,4.7997210338016885,59.507318346062675
241.0,veh0,-17176692#2_0,22.22,False,,,,False,19.96883844462718,-1.6118696112334874,41.8457936443334,-72.57272790498136,-0.6817287516732904,39.160512161965016
242.0,veh0,-17176692#2_0,22.22,False,,,,False,1.0131954621247132,-0.6232072293460078,41.84577715634857,-72.57272624267168,1.8635933581626887,2.824787881283555
243.0,veh0,-17176692#2_0,22.22,False,,,,False,9.195515612329473,1.9486384773790633,41.845698645876915,-72.57278190080972,1.8226917974880052,38.11836371291429
244.0,veh0,-17176692#2_0,22.22,False,,,,False,23.940217222807405,-0.09078246312128613,41.84572987546834,-72.57277355124096,-3.0914563553433254,-25.332727488304954
245.0,veh0,-17176692#2_0,22.22,False,,,,False,22.083056318770105,-1.6386730557933333,41.84582177897665,-72.57272384611495,2.53072597775099,37.46408419619547
246.0,veh0,-17176692#1_0,22.22,False,,,,False,15.121662869692955,-2.3933709476368676,41.845867100190304,-72.57277850294754,-1.8960626421576308,7.417276735883206
247.0,veh0,-17176692#1_0,22.22,False,,,,False,19.275148867382086,3.937362000637222,41.84576686171097,-72.5727734837825,-1.6577901389500767,-7.528825358022004
248.0,veh0,-17176692#1_0,22.22,False,,,,False,17.96982850893255,-1.2321342140185152,41.84578741626321,-72.57275544709745,2.0736534975785617,8.529660704138223
249.0,veh0,-17176692#1_0,22.22,False,,,,False,4.758598665255704,1.2282764880765171,41.84576462806301,-72.57274285144207,1.3041989541543444,-53.50355485588079
250.0,veh0,-17176692#1_0,22.22,False,,,,False,13.076008728872694,-0.36609166213565913,41.84577778322807,-72.57277506469443,2.2402547144411074,28.735990915913135
251.0,veh0,-17176692#1_0,22.22,False,,,,False,17.88106245459494,1.8302692740599014,41.845766124188266,-72.57273387780857,-1.5624866612579353,91.74044044589391
252.0,veh0,-17176692#0_0,22.22,False,,,,False,7.408104614936747,-6.365765770100552,41.84580866151084,-72.57277829334112,-5.259429839490622,-22.05249454692239
253.0,veh0,-17176692#0_0,22.22,False,,,,False,35.60730986033741,-1.8824672775626823,41.84587451114566,-72.57282457118475,1.7069619215271814,54.820787553617265
254.0,veh0,-17176692#0_0,22.22,False,,,,False,17.291893907706253,2.052507957405396,41.84580185391521,-72.57272756524927,-8.131251718576095,-11.143972643709276
255.0,veh0,-17176692#0_0,22.22,False,,,,False,8.700399093511805,-0.0066565745291882195,41.845731907972045,-72.57277760489899,-1.660230151786891,121.3139630429796
256.0,veh0,-17176692#0_0,22.22,False,,,,False,15.303243769238179,-1.3460681821452454,41.84565638640802,-72.57279268168114,0.18096673442414613,114.86766266415361
257.0,veh0,-17176692#0_0,22.22,False,,,,False,17.834553589804273,2.854717277607051,41.84569409427116,-72.57276542638412,2.742566346985768,33.03906659822678
258.0,veh0,-17176692#0_0,22.22,False,,,,False,16.880809776608658,0.830086746289453,41.84576932497067,-72.57279702317057,8.517448288994274,97.02506400126731
259.0,veh0,-17176692#0_0,22.22,False,,,,False,20.228932211299252,0.7622582115109253,41.84580911881794,-72.57274771722706,1.9379348664024292,-81.32778187067015
260.0,veh0,-17176692#0_0,22.22,False,,,,False,13.940475203206006,4.740626782942854,41.84576822213965,-72.57279174943304,2.0829380502582353,30.743618563050404
261.0,veh0,-17176692#0_0,22.22,False,,,,False,17.581711268539948,1.9817782083810016,41.84577371210355,-72.5728493862944,0.5981008065118658,102.13176072738133
262.0,veh0,-17176692#0_0,22.22,False,,,,False,14.956760756569565,-2.035696465332876,41.845774505595976,-72.5728452831588,-0.6111101635488012,-54.68797904410167
263.0,veh0,-664457143#1_0,27.78,False,,,,False,19.32959089490032,3.2531453656047233,41.84572525866222,-72.57275287958875,1.3145652774292103,79.96520515513839
264.0,veh0,-664457143#1_0,27.78,False,,,,False,22.315782897319878,4.004844417782806,41.845801497737284,-72.57285753974698,0.23813335211161757,51.796837610716466
265.0,veh0,-664457143#1_0,27.78,False,,,,False,14.416447209390753,2.1253634401145973,41.84576474940628,-72.5727487899432,2.1204970882463385,86.0465848853346
266.0,veh0,-664457143#1_0,27.78,False,,,,False,35.08551725670259,1.103531583570657,41.84581738501298,-72.5727384823017,1.60326240321956,24.925608397868928
267.0,veh0,-664457143#1_0,27.78,False,,,,False,19.17745194905001,1.7990019095286698,41.84579224272523,-72.57274402613942,0.27719453513418557,-0.5459792608162388
268.0,veh0,-664457143#1_0,27.78,False,,,,False,13.171506276506989,-3.830322462335971,41.845752378544496,-72.57279399459738,0.9736700475332327,62.915211245650426
269.0,veh0,-664457143#0_0,27.78,False,,,,False,5.695692613015126,-2.2019864089343173,41.8458653424705,-72.57265859368917,3.1037072017697938,38.48917061940301
270.0,veh0,-664457143#0_0,27.78,False,,,,False,3.36440979802137,-2.8070524629620195,41.84580130572417,-72.57272741369,-3.4797825908353843,81.54372483986663
271.0,veh0,-664457143#0_0,27.78,False,,,,False,-17.653872302384116,-1.2746877404970292,41.84574094258671,-72.57277416671883,1.337301995128655,20.258488937222864
272.0,veh0,-664457143#0_0,27.78,False,,,,False,-1.5619242011234746,1.3993995740056562,41.845761310007084,-72.57269974417993,,-27.555809328739997
273.0,veh0,-664457143#0_0,27.78,False,,,,False,-3.7719486233909265,-3.7801290011102537,41.84580221611729,-72.57276230230423,,-9.98378622281598
274.0,veh0,-664457143#0_0,27.78,False,,,,False,3.0437985506723635,1.2756011952023982,41.84567675777393,-72.57276728743335,,142.98108690511435
275.0,veh0,-664457143#0_0,27.78,False,,,,False,-1.7460029527137522,0.4507592887694045,41.84576583022892,-72.57274188030999,3.8234902348685864,47.19264817069052
276.0,veh0,-664457143#0_0,27.78,False,,,,False,8.841825742121728,0.9625777751371061,41.8457524855258,-72.57271896525933,-0.8437682343082997,62.3957945095608
277.0,veh0,-664457143#0_0,27.78,False,,,,False,1.3747256400092738,1.828103873609507,41.84574256947587,-72.5726569719122,0.09400066178022826,20.92794941482134
278.0,veh0,-664457143#0_0,27.78,False,,,,False,7.18045511157834,2.2121657049628993,41.84581153483742,-72.5727518015074,7.117998470806924,145.71012241678545
279.0,veh0,-664457143#0_0,27.78,False,,,,False,9.183118093373196,-1.8441306928252743,41.845766254646165,-72.57271587731388,4.577779644056136,144.82533574459376
280.0,veh0,574551593_0,27.78,False,,,,False,10.728996158592054,1.8066195805586176,41.84576352367309,-72.57274044263875,3.5878751410182304,74.8777419856633
281.0,veh0,574551593_0,27.78,False,,,,False,11.95091405945277,1.8024666644614626,41.84576815450479,-72.57279755295149,3.2861180084091757,-24.690406116249505
282.0,veh0,-208922083_0,27.78,False,,,,False,13.010968662689265,1.8636261290375842,41.845765559339206,-72.57271805930893,4.009322368814537,19.621675678354222
283.0,veh0,-208922083_0,27.78,False,,,,False,-1.7283923138238606,1.931263184749696,41.845724496042216,-72.57269132210286,-6.901380455254184,134.76404600625392
284.0,veh0,-208922083_0,27.78,False,,,,False,30.418879801953153,2.8195504402083316,41.845806182767895,-72.57275886788773,4.788596292990405,72.45598843245534
285.0,veh0,-208922083_0,27.78,False,,,,False,20.822105192411982,4.813734115319676,41.845744886683086,-72.57274349499502,5.726923482974598,23.406967242073733
286.0,veh0,-208922083_0,27.78,False,,,,False,20.538290079544822,1.312923053978011,41.84578999555561,-72.57277290904885,-2.4259150578400295,110.26687081233831
287.0,veh0,-208922083_0,27.78,False,,,,False,12.748387385356182,0.900002083479194,41.84578125826261,-72.57272253840587,3.046574976424381,76.41815890249563
288.0,veh0,-208922083_0,27.78,False,,,,False,34.50351094357029,0.4249737621157692,41.84578247946941,-72.57274234915728,1.948986952422274,34.10739855625434
289.0,veh0,-208922083_0,27.78,False,,,,False,23.544135138450656,-0.39402526929006854,41.845800274775335,-72.57274480373333,2.86494018767371,82.79970618948573
290.0,veh0,-208922083_0,27.78,False,,,,False,13.910631998056488,4.5841503959072725,41.845809237817434,-72.5727678848505,2.171795220743661,101.34133267606376
291.0,veh0,-208922083_0,27.78,False,,,,False,32.752201247283665,0.992128823621897,41.845738194544275,-72.5727518739397,0.8849637477396755,149.43719351146137
292.0,veh0,-208922083_0,27.78,False,,,,False,26.385298905486707,0.1270770290375367,41.84586483649206,-72.57276759563483,6.164766434420017,92.63000787654892
293.0,veh0,-208922083_0,27.78,False,,,,False,27.076293625606922,-0.18052834312766208,41.84580417127132,-72.57277748663786,2.2455653800097934,51.523146610707045
294.0,veh0,-208922083_0,27.78,False,,,,False,38.57655081437406,2.8133186027753254,41.84578653200164,-72.57275866838384,6.022091084825661,150.68856353964657
295.0,veh0,-208922083_0,27.78,False,,,,False,24.244117266011017,0.32868118423175474,41.845753626393176,-72.5728120185733,2.276892831485384,78.90683096408611
296.0,veh0,-208922083_0,27.78,False,,,,False,27.460462208720855,-3.1305028677470546,41.8458020359741,-72.57270388633053,3.1451358589129086,184.05234702612506
297.0,veh0,-208922083_0,27.78,False,,,,False,24.799376437978935,-0.7005722851881728,41.84577952510712,-72.57278292338471,2.119523072602533,96.48985646903748
298.0,veh0,-208922083_0,27.78,False,,,,False,12.673796258750372,-0.7560859181903652,41.8457245655325,-72.57281348152391,2.869213832076639,84.3276638405514
299.0,veh0,-208922083_0,27.78,False,,,,False,28.307711119305168,2.2932013053414266,41.845655992263886,-72.57275191553023,3.66465054119908,87.48291800590232
300.0,veh0,-208922083_0,27.78,False,,,,False,36.148173882160336,2.708933561196318,41.84573569854709,-72.57289053188009,5.220107826964522,85.32693558884785
