Time,Vehicle_ID,Speed,Acceleration,Latitude,Longitude,Lane,Headway_Distance,Time_Gap,Speed_Limit,Lane_Change,From_Lane,To_Lane,Lane_Change_Reason,Collision
1.0,veh0,0.0,0.0,41.88821131456195,-72.5569971990791,-17178928#2_0,,,13.89,False,None,None,None,False
2.0,veh0,2.506885636271909,2.506885636271909,41.88821138067129,-72.55699719309438,-17178928#2_0,,,13.89,False,None,None,None,False
3.0,veh0,4.624560395441949,2.11767475917004,41.88821156873538,-72.55699717606939,-17178928#2_0,,,13.89,False,None,None,None,False
4.0,veh0,6.251684406399727,1.627124010957778,41.88821185555395,-72.55699715010438,-17178928#2_0,,,13.89,False,None,None,None,False
5.0,veh0,8.357151612848975,2.105467206449248,41.88821224080507,-72.55699711522851,-17178928#2_0,,,13.89,False,None,None,None,False
6.0,veh0,9.696717070881277,1.3395654580323022,41.88821271690549,-72.55699707212828,-17178928#2_0,,,13.89,False,None,None,None,False
7.0,veh0,11.825610233843326,2.128893162962049,41.888213284473,-72.55699702074774,-17178928#2_0,,,13.89,False,None,None,None,False
8.0,veh0,12.98150483126542,1.155894597422094,41.88821393866398,-72.5569969615254,-17178928#2_0,,,13.89,False,None,None,None,False
9.0,veh0,13.192621795123205,0.21111696385778522,41.88821462890456,-72.55699689903956,-17178928#2_0,,,13.89,False,None,None,None,False
10.0,veh0,14.021297763509438,0.8286759683862321,41.88821534656563,-72.55699683407143,-17178928#2_0,,,13.89,False,None,None,None,False
11.0,veh0,13.613979978964426,-0.4073177845450111,41.88821607533838,-72.55699676809736,-17178928#2_0,,,13.89,False,None,None,None,False
12.0,veh0,13.489249395078742,-0.12473058388568425,41.88821679008042,-72.55699670339347,-17178928#2_0,,,13.89,False,None,None,None,False
13.0,veh0,13.83331109032756,0.34406169524881847,41.88821826652179,-72.55699705249323,-17178928#1_0,,,13.89,False,None,None,None,False
14.0,veh0,13.484830504039065,-0.34848058628849543,41.88821898632544,-72.55699725965876,-17178928#1_0,,,13.89,False,None,None,None,False
15.0,veh0,13.90408109972509,0.41925059568602485,41.8882197079938,-72.55699746736097,-17178928#1_0,,,13.89,False,None,None,None,False
16.0,veh0,13.063587268919447,-0.8404938308056433,41.88822041856286,-72.5569976718687,-17178928#1_0,,,13.89,False,None,None,None,False
17.0,veh0,13.716569521592692,0.6529822526732456,41.88822112419118,-72.55699787495446,-17178928#1_0,,,13.89,False,None,None,None,False
18.0,veh0,13.12116539321164,-0.5954041283810518,41.88822183133664,-72.55699807847685,-17178928#1_0,,,13.89,False,None,None,None,False
19.0,veh0,13.844889662543073,0.7237242693314325,41.88822254186318,-72.55699828297234,-17178928#1_0,,,13.89,False,None,None,None,False
20.0,veh0,13.624128630792484,-0.22076103175058925,41.88822326564227,-72.55699849128204,-17178928#1_0,,,13.89,False,None,None,None,False
21.0,veh0,12.90910914238798,-0.7150194884045042,41.8882239647239,-72.55699854030894,-17178928#1_0,,,13.89,False,None,None,None,False
22.0,veh0,13.168761874421262,0.2596527320332829,41.888224651724876,-72.55699832387553,-17178928#1_0,,,13.89,False,None,None,None,False
23.0,veh0,13.567540005932324,0.3987781315110617,41.88822535483764,-72.55699797297046,-17178928#1_0,,,13.89,False,None,None,None,False
24.0,veh0,12.99949695918499,-0.5680430467473343,41.888226053074256,-72.55699758002955,-17178928#1_0,,,13.89,False,None,None,None,False
25.0,veh0,13.060266966151767,0.060770006966777146,41.888226734750575,-72.55699699336546,-17178928#1_0,,,13.89,False,None,None,None,False
26.0,veh0,12.887073538138294,-0.17319342801347304,41.88822741297248,-72.55699637721624,-17178928#1_0,,,13.89,False,None,None,None,False
27.0,veh0,13.881402402825415,0.9943288646871213,41.88822811066166,-72.5569956490507,-17178928#1_0,,,13.89,False,None,None,None,False
28.0,veh0,13.515998060663923,-0.36540434216149187,41.88822882436176,-72.55699488610401,-17178928#1_0,,,13.89,False,None,None,None,False
29.0,veh0,13.784532630734839,0.26853457007091563,41.88822953588288,-72.55699414077911,-17178928#1_0,,,13.89,False,None,None,None,False
30.0,veh0,14.032209360425123,0.24767672969028354,41.88823026171705,-72.55699346092374,-17178928#1_0,,,13.89,False,None,None,None,False
31.0,veh0,13.3731379785228,-0.6590713819023222,41.888230984441286,-72.55699350514925,-17178928#1_0,,,13.89,False,None,None,None,False
32.0,veh0,12.741081717319549,-0.6320562612032514,41.88823167311635,-72.55699354729121,-17178928#1_0,,,13.89,False,None,None,None,False
33.0,veh0,13.437856339232757,0.6967746219132085,41.888232360171564,-72.55699387623831,-17178928#1_0,,,13.89,False,None,None,None,False
34.0,veh0,13.542161741166138,0.10430540193338089,41.88823306395792,-72.55699458523003,-17178928#1_0,,,13.89,False,None,None,None,False
35.0,veh0,12.833776671521127,-0.7083850696450114,41.88823375198657,-72.5569952783475,-17178928#1_0,,,13.89,False,None,None,None,False
36.0,veh0,13.99212266319687,1.158345991675743,41.888234451752666,-72.55699598328923,-17178928#1_0,,,13.89,False,None,None,None,False
37.0,veh0,13.25679505729372,-0.7353276059031497,41.88823591802986,-72.55699369634051,47707261_0,,,13.89,False,None,None,None,False
38.0,veh0,13.538976347644576,0.2821812903508558,41.88823653492788,-72.55699137022658,47707261_0,,,13.89,False,None,None,None,False
39.0,veh0,13.842141359288007,0.303165011643431,41.88823718425871,-72.55698923204942,47707261_0,,,13.89,False,None,None,None,False
40.0,veh0,13.622126243857428,-0.22001511543057894,41.88823783556141,-72.55698708737914,47707261_0,,,13.89,False,None,None,None,False
41.0,veh0,13.165944966965117,-0.4561812768923108,41.88823852171482,-72.55698612435232,47707261_0,,,13.89,False,None,None,None,False
42.0,veh0,13.77482200838881,0.6088770414236926,41.888239227049255,-72.55698561007985,47707261_0,,,13.89,False,None,None,None,False
43.0,veh0,13.778912552644261,0.0040905442554510785,41.888239953588354,-72.55698553241305,47707261_0,,,13.89,False,None,None,None,False
44.0,veh0,13.307834819786013,-0.47107773285824805,41.888240667813896,-72.55698545606258,47707261_0,,,13.89,False,None,None,None,False
45.0,veh0,13.129132895998419,-0.1787019237875942,41.888241364905994,-72.55698538154365,47707261_0,,,13.89,False,None,None,None,False
46.0,veh0,13.7969189764352,0.6677860804367803,41.88824207451269,-72.55698523402455,47707261_0,,,13.89,False,None,None,None,False
47.0,veh0,13.948897979071125,0.151979002635926,41.88824280504786,-72.55698495522775,47707261_0,,,13.89,False,None,None,None,False
48.0,veh0,10.421735628966365,-3.52716235010476,41.88824329897431,-72.5569827351704,47707261_0,,,13.89,False,None,None,None,False
49.0,veh0,6.113062141615618,-4.308673487350747,41.88824341455322,-72.55697988932464,47707261_0,,,13.89,False,None,None,None,False
50.0,veh0,8.073886052182596,1.9608239105669778,41.888243429901884,-72.55697735880621,47707261_0,,,13.89,False,None,None,None,False
51.0,veh0,9.719691290137078,1.645805237954482,41.88824437449819,-72.55697409936789,-659807233#3_0,,,27.78,False,None,None,None,False
52.0,veh0,11.139138669812771,1.4194473796756935,41.88824492459456,-72.55697413290734,-659807233#3_0,,,27.78,False,None,None,None,False
53.0,veh0,13.05477018371569,1.9156315139029179,41.888245562644784,-72.55697417180937,-659807233#3_0,,,27.78,False,None,None,None,False
54.0,veh0,14.591581732745933,1.5368115490302436,41.88824629174405,-72.55697421626266,-659807233#3_0,,,27.78,False,None,None,None,False
55.0,veh0,16.280551587709876,1.6889698549639434,41.88824710591475,-72.55697426590277,-659807233#3_0,,,27.78,False,None,None,None,False
56.0,veh0,17.582881165494864,1.3023295777849881,41.88824876218886,-72.55697433218502,-659807233#2_0,,,27.78,False,None,None,None,False
57.0,veh0,20.178294117645084,2.5954129521502196,41.888249758039784,-72.55697431297885,-659807233#2_0,,,27.78,False,None,None,None,False
58.0,veh0,19.36704773840812,-0.8112463792369624,41.888250800943375,-72.5569742928652,-659807233#2_0,,,27.78,False,None,None,None,False
59.0,veh0,15.347293651311293,-4.019754087096828,41.888251716442134,-72.55697427520872,-659807233#2_0,,,27.78,False,None,None,None,False
60.0,veh0,11.834751680454726,-3.5125419708565673,41.88825243329654,-72.55697426138333,-659807233#2_0,,,27.78,False,None,None,None,False
61.0,veh0,13.748050713570343,1.9132990331156172,41.88825310797516,-72.55697424837135,-659807233#2_0,,,27.78,False,None,None,None,False
62.0,veh0,15.584333911918591,1.836283198348248,41.888254648912444,-72.55697412300097,-659807233#1_0,,,27.78,False,None,None,None,False
63.0,veh0,17.193443123934347,1.6091092120157562,41.88825551323667,-72.55697401794728,-659807233#1_0,,,27.78,False,None,None,None,False
64.0,veh0,18.81666575403281,1.6232226300984642,41.888256462794956,-72.5569739025339,-659807233#1_0,,,27.78,False,None,None,None,False
65.0,veh0,20.592723154680364,1.7760574006475522,41.888257501989585,-72.55697377622572,-659807233#1_0,,,27.78,False,None,None,None,False
66.0,veh0,22.031726403472508,1.4390032487921438,41.88825939024045,-72.55697362927798,-659807233#0_0,,,27.78,False,None,None,None,False
67.0,veh0,23.801758022451338,1.7700316189788303,41.88826059896682,-72.55697369615748,-659807233#0_0,,,27.78,False,None,None,None,False
68.0,veh0,25.429794566806905,1.6280365443555667,41.88826189730747,-72.55697376799539,-659807233#0_0,,,27.78,False,None,None,None,False
69.0,veh0,28.01512631146101,2.5853317446541055,41.88826330676359,-72.55697384598137,-659807233#0_0,,,27.78,False,None,None,None,False
70.0,veh0,27.992222116911307,-0.02290419454970305,41.888264780572506,-72.55697417467752,-659807233#0_0,,,27.78,False,None,None,None,False
71.0,veh0,27.323441837029986,-0.6687802798813216,41.88826746472551,-72.55698069013376,17177370#1_0,,,27.78,False,None,None,None,False
72.0,veh0,23.585187654109017,-3.7382541829209686,41.888268644217916,-72.55698502439114,17177370#1_0,,,27.78,False,None,None,None,False
73.0,veh0,19.085187654109017,-4.5,41.888269600224696,-72.55698904250546,17177370#1_0,,,27.78,False,None,None,None,False
74.0,veh0,15.89114173503562,-3.194045919073398,41.888270383850525,-72.55699233609941,17177370#1_0,,,27.78,False,None,None,None,False
75.0,veh0,11.39114173503562,-4.5,41.88827099509539,-72.55699490517298,17177370#1_0,,,27.78,False,None,None,None,False
76.0,veh0,6.891141735035619,-4.5,41.888271404700106,-72.55699662674925,17177370#1_0,,,27.78,False,None,None,None,False
77.0,veh0,2.391141735035619,-4.5,41.88827161266467,-72.55699750082817,17177370#1_0,,,27.78,False,None,None,None,False
78.0,veh0,0.0,-2.391141735035619,41.88827165132579,-72.55699766332158,17177370#1_0,,,27.78,False,None,None,None,False
79.0,veh0,0.0,0.0,41.88827165132579,-72.55699766332158,17177370#1_0,,,27.78,False,None,None,None,False
80.0,veh0,0.0,0.0,41.88827165132579,-72.55699766332158,17177370#1_0,,,27.78,False,None,None,None,False
81.0,veh0,0.0,0.0,41.88827165132579,-72.55699766332158,17177370#1_0,-0.3988241597670026,,27.78,False,None,None,None,False
82.0,veh0,0.0,0.0,41.88827165132579,-72.55699766332158,17177370#1_0,20.11862546314859,,27.78,False,None,None,None,False
83.0,veh0,0.0,0.0,41.88827165132579,-72.55699766332158,17177370#1_0,42.50412077868731,,27.78,False,None,None,None,False
84.0,veh0,0.0,0.0,41.88827165132579,-72.55699766332158,17177370#1_0,67.2079539013086,,27.78,False,None,None,None,False
85.0,veh0,0.0,0.0,41.88827165132579,-72.55699766332158,17177370#1_0,93.80152931089327,,27.78,False,None,None,None,False
86.0,veh0,0.0,0.0,41.88827165132579,-72.55699766332158,17177370#1_0,121.01019855617172,,27.78,False,None,None,None,False
87.0,veh0,0.0,0.0,41.88827165132579,-72.55699766332158,17177370#1_0,148.05082417029791,,27.78,False,None,None,None,False
88.0,veh0,0.0,0.0,41.88827165132579,-72.55699766332158,17177370#1_0,174.9992840683385,,27.78,False,None,None,None,False
89.0,veh0,0.0,0.0,41.88827165132579,-72.55699766332158,17177370#1_0,202.2376791519997,,27.78,False,None,None,None,False
90.0,veh0,0.0,0.0,41.88827165132579,-72.55699766332158,17177370#1_0,229.79112529713467,,27.78,False,None,None,None,False
91.0,veh0,0.0,0.0,41.88827165132579,-72.55699766332158,17177370#1_0,256.99009351289914,,27.78,False,None,None,None,False
92.0,veh0,0.0,0.0,41.88827165132579,-72.55699766332158,17177370#1_0,,,27.78,False,None,None,None,False
93.0,veh0,0.0,0.0,41.88827165132579,-72.55699766332158,17177370#1_0,,,27.78,False,None,None,None,False
94.0,veh0,0.0,0.0,41.88827165132579,-72.55699766332158,17177370#1_0,,,27.78,False,None,None,None,False
95.0,veh0,0.0,0.0,41.88827165132579,-72.55699766332158,17177370#1_0,,,27.78,False,None,None,None,False
96.0,veh0,1.8968361487612129,1.8968361487612129,41.88827169382338,-72.55699784193975,17177370#1_0,,,27.78,False,None,None,None,False
97.0,veh0,3.7955891543999316,1.8987530056387187,41.88827228331339,-72.55699634082923,-657454560#2_0,,,27.78,False,None,None,None,False
98.0,veh0,5.484943045000547,1.6893538906006151,41.88827243502014,-72.55699504087524,-657454560#2_0,,,27.78,False,None,None,None,False
99.0,veh0,7.1277953651035215,1.6428523201029748,41.888272641197716,-72.55699327416839,-657454560#2_0,,,27.78,False,None,None,None,False
100.0,veh0,9.031483231321909,1.9036878662183874,41.88827290566839,-72.5569910123983,-657454560#2_0,,,27.78,False,None,None,None,False
101.0,veh0,11.518608986213803,2.4871257548918937,41.888273243556775,-72.55698814441628,-657454560#2_0,,,27.78,False,None,None,None,False
102.0,veh0,13.586380125256253,2.067771139042451,41.8882736563376,-72.55698464075036,-657454560#2_0,,,27.78,False,None,None,None,False
103.0,veh0,15.248101474903521,1.6617213496472676,41.88827413043944,-72.55698061659444,-657454560#2_0,,,27.78,False,None,None,None,False
104.0,veh0,16.865718083060344,1.6176166081568226,41.88827466970612,-72.55697619667652,-657454560#2_0,,,27.78,False,None,None,None,False
105.0,veh0,18.98930604213383,2.123587959073486,41.88827576276917,-72.55696647495508,-657454560#1_0,,,27.78,False,None,None,None,False
106.0,veh0,21.09078193155583,2.1014758894220016,41.88827642058214,-72.55696087518018,-657454560#1_0,,,27.78,False,None,None,None,False
107.0,veh0,22.479105276032353,1.3883233444765217,41.88827713883224,-72.55695480391779,-657454560#1_0,,,27.78,False,None,None,None,False
108.0,veh0,24.46950024904218,1.9903949730098276,41.88827791278055,-72.5569482618466,-657454560#1_0,,,27.78,False,None,None,None,False
109.0,veh0,26.285921246605,1.816420997562819,41.888278749484265,-72.5569411893132,-657454560#1_0,,,27.78,False,None,None,None,False
110.0,veh0,27.669597896654615,1.3836766500496154,41.88827963894229,-72.55693367086457,-657454560#1_0,,,27.78,False,None,None,None,False
111.0,veh0,27.46119804005184,-0.2083998566027745,41.888280547777896,-72.55692598866354,-657454560#1_0,,,27.78,False,None,None,None,False
112.0,veh0,27.15932580789131,-0.3018722321605303,41.88828144807331,-72.5569183768713,-657454560#1_0,135.3503602424671,4.983568487666223,27.78,False,None,None,None,False
113.0,veh0,26.980010165926526,-0.17931564196478433,41.88828282346758,-72.55690644785051,-657454560#0_0,122.40289121320541,4.536799299200781,27.78,False,None,None,None,False
114.0,veh0,27.12101421561138,0.14100404968485236,41.888283700060555,-72.55689882723074,-657454560#0_0,111.7714745592468,4.121212933656035,27.78,False,None,None,None,False
115.0,veh0,27.297979729040982,0.17696551342960376,41.88828458371854,-72.55689117190927,-657454560#0_0,,,27.78,False,None,None,None,False
116.0,veh0,27.44999227162962,0.15201254258863628,41.8882861150179,-72.55687829717678,-281971707#9_0,96.9243212924821,3.5309416605066324,27.78,False,None,None,None,False
117.0,veh0,27.21972428232011,-0.23026798930950676,41.88828701636712,-72.5568706807284,-281971707#9_0,92.63353676357194,3.403176894915858,27.78,False,None,None,None,False
118.0,veh0,27.36772516537503,0.14800088305491954,41.888287901761394,-72.55686299606432,-281971707#9_0,90.33091927234857,3.300636743701044,27.78,False,None,None,None,False
119.0,veh0,27.687651397451283,0.31992623207625215,41.88828936299837,-72.55685148834274,-281971707#8_0,89.43255399780517,3.230052008168438,27.78,False,None,None,None,False
120.0,veh0,26.875642302073995,-0.812009095377288,41.888290565024306,-72.55684627729944,-281971707#8_0,89.43966255075699,3.3279079080411385,27.78,False,None,None,None,False
121.0,veh0,26.835672960174726,-0.03996934189926904,41.88829187407526,-72.55684261385153,-281971707#8_0,89.68910779999038,3.342159815894791,27.78,False,None,None,None,False
122.0,veh0,27.04235566593752,0.20668270576279468,41.88829318958725,-72.55683898029578,-281971707#8_0,89.49913927170614,3.3095910865649554,27.78,False,None,None,None,False
123.0,veh0,27.808984354464794,0.7666286885272733,41.88829454465505,-72.55683555282893,-281971707#8_0,89.14215528359102,3.205516395253718,27.78,False,None,None,None,False
124.0,veh0,27.005444263620756,-0.803540090844038,41.888295895691115,-72.55683207221931,-281971707#8_0,88.64192008152068,3.282372221549819,27.78,False,None,None,None,False
125.0,veh0,26.93122025171806,-0.07422401190269667,41.8882972219508,-72.55682859144154,-281971707#8_0,88.18012366021912,3.2742713785720023,27.78,False,None,None,None,False
126.0,veh0,27.964855297375927,1.0336350456578671,41.88829857180164,-72.55682504874862,-281971707#8_0,87.31697271464552,3.122382425588266,27.78,False,None,None,None,False
127.0,veh0,27.722233697795765,-0.24262159958016127,41.88830065356713,-72.5568196840237,-281971707#7_0,86.53253088625539,3.1214126476805406,27.78,False,None,None,None,False
128.0,veh0,28.00592703344346,0.28369333564769406,41.88830259340906,-72.55681465430054,-281971707#6_0,85.98331611018551,3.0701828226399352,27.78,False,None,None,None,False
129.0,veh0,27.89731091794138,-0.10861611550208039,41.88830466745873,-72.55680914192389,-281971707#5_0,84.99494333286461,3.046707389929919,27.78,False,None,None,None,False
130.0,veh0,27.91217376887844,0.014862850937060301,41.88830602436861,-72.55680528557899,-281971707#5_0,84.0647414011128,3.011759030206506,27.78,False,None,None,None,False
131.0,veh0,26.846680744807692,-1.0654930240707472,41.888307332489,-72.556801148737,-281971707#5_0,84.01841199399826,3.1295642389701346,27.78,False,None,None,None,False
132.0,veh0,27.68122852374845,0.8345477789407596,41.88830860503773,-72.55679661521103,-281971707#5_0,82.88175308966406,2.9941500977298614,27.78,False,None,None,None,False
133.0,veh0,27.2098384579881,-0.47139006576035314,41.88830988604832,-72.55679205131982,-281971707#5_0,77.85721302333036,2.8613625598528136,27.78,False,None,None,None,False
134.0,veh0,27.90278944750362,0.6929509895155199,41.88831117219421,-72.55678746855253,-281971707#5_0,68.22348752508202,2.4450418354565544,27.78,False,None,None,None,False
135.0,veh0,23.656989679222875,-4.245799768280744,41.88831238107729,-72.55678325636073,-281971707#5_0,56.36024544749529,2.3823929507393986,27.78,False,None,None,None,False
136.0,veh0,20.783565339123715,-2.8734243400991595,41.88831343184942,-72.55677974252167,-281971707#5_0,44.04907942541453,2.119418815139239,27.78,False,None,None,None,False
137.0,veh0,16.283565339123715,-4.5,41.888314308281046,-72.55677681168672,-281971707#5_0,31.008396571005477,1.9042756254677924,27.78,False,None,None,None,False
138.0,veh0,11.783565339123715,-4.5,41.88831497191269,-72.55677459246645,-281971707#5_0,18.63744995415223,1.5816477795792665,27.78,False,None,None,None,False
139.0,veh0,8.371624011023238,-3.411941328100477,41.8883154440197,-72.55677293940364,-281971707#5_0,8.55985527907876,1.0224844388385899,27.78,False,None,None,None,False
140.0,veh0,4.2172279524624425,-4.1543960585607955,41.88831573853599,-72.55677190210378,-281971707#5_0,2.2654292973359134,0.5371844545451064,27.78,False,None,None,None,False
141.0,veh0,0.28667469941540763,-3.930553253047035,41.88831584389348,-72.55677153084237,-281971707#5_0,0.013477971396980593,0.04701486187816756,27.78,False,None,None,None,False
142.0,veh0,0.0,-0.28667469941540763,41.88831584447726,-72.55677152878522,-281971707#5_0,0.0010000000000047748,,27.78,False,None,None,None,False
143.0,veh0,0.0,0.0,41.88831584447726,-72.55677152878522,-281971707#5_0,0.0010000000000047748,,27.78,False,None,None,None,False
144.0,veh0,0.0,0.0,41.88831584447726,-72.55677152878522,-281971707#5_0,0.0010000000000047748,,27.78,False,None,None,None,False
145.0,veh0,0.0,0.0,41.88831584447726,-72.55677152878522,-281971707#5_0,0.0010000000000047748,,27.78,False,None,None,None,False
146.0,veh0,0.0,0.0,41.88831584447726,-72.55677152878522,-281971707#5_0,0.0010000000000047748,,27.78,False,None,None,None,False
147.0,veh0,0.0,0.0,41.88831584447726,-72.55677152878522,-281971707#5_0,0.0010000000000047748,,27.78,False,None,None,None,False
148.0,veh0,0.0,0.0,41.88831584447726,-72.55677152878522,-281971707#5_0,0.0010000000000047748,,27.78,False,None,None,None,False
149.0,veh0,0.0,0.0,41.88831584447726,-72.55677152878522,-281971707#5_0,0.0010000000000047748,,27.78,False,None,None,None,False
150.0,veh0,0.0,0.0,41.88831584447726,-72.55677152878522,-281971707#5_0,0.0010000000000047748,,27.78,False,None,None,None,False
151.0,veh0,0.0,0.0,41.88831584447726,-72.55677152878522,-281971707#5_0,0.0010000000000047748,,27.78,False,None,None,None,False
152.0,veh0,0.0,0.0,41.88831584447726,-72.55677152878522,-281971707#5_0,0.0010000000000047748,,27.78,False,None,None,None,False
153.0,veh0,0.0,0.0,41.88831584447726,-72.55677152878522,-281971707#5_0,0.0010000000000047748,,27.78,False,None,None,None,False
154.0,veh0,0.0,0.0,41.88831584447726,-72.55677152878522,-281971707#5_0,0.0010000000000047748,,27.78,False,None,None,None,False
155.0,veh0,0.0,0.0,41.88831584447726,-72.55677152878522,-281971707#5_0,1.2974582733111504,,27.78,False,None,None,None,False
156.0,veh0,2.467448263424867,2.467448263424867,41.88831590219702,-72.55677132539088,-281971707#5_0,3.38235301659563,1.370789842580471,27.78,False,None,None,None,False
157.0,veh0,3.0916815039013192,0.6242332404764523,41.888316032238905,-72.556770867146,-281971707#5_0,5.500656703163912,1.77917961349601,27.78,False,None,None,None,False
158.0,veh0,4.447400706960881,1.3557192030595617,41.888316208596805,-72.55677024569155,-281971707#5_0,8.258610990214606,1.8569523041376916,27.78,False,None,None,None,False
159.0,veh0,6.8836456304891644,2.4362449235282835,41.88831730141725,-72.55676412826926,-281971707#2_0,11.092958829226813,1.611494755060267,27.78,False,None,None,None,False
160.0,veh0,8.603834717395776,1.7201890869066112,41.888317548082874,-72.55676192538124,-281971707#2_0,13.920000722783001,1.6178833252850227,27.78,False,None,None,None,False
161.0,veh0,10.58878651445365,1.9849517970578745,41.888317813630394,-72.55675901181786,-281971707#2_0,16.865244836999356,1.5927457611859834,27.78,False,None,None,None,False
162.0,veh0,12.404457312474086,1.8156707980204363,41.888318391039114,-72.55674902447055,-281971707#0_0,19.70019546260378,1.5881545614085835,27.78,False,None,None,None,False
163.0,veh0,14.642309633131198,2.2378523206571117,41.88831858580517,-72.55674437925339,-281971707#0_0,22.329492821238603,1.524997994217633,27.78,False,None,None,None,False
164.0,veh0,15.992927081581266,1.350617448450068,41.88831899985179,-72.55673414503288,-79651969#4_0,25.450900484279806,1.5913847636803833,27.78,False,None,None,None,False
165.0,veh0,18.566600806313627,2.5736737247323607,41.888319242858564,-72.55672819841021,-79651969#4_0,28.637465749443063,1.5424183483120297,27.78,False,None,None,None,False
166.0,veh0,20.95220817497565,2.385607368662022,41.88831952112058,-72.55672139916507,-79651969#4_0,31.286843851575128,1.4932480428932875,27.78,False,None,None,None,False
167.0,veh0,22.574001021497946,1.6217928465222968,41.88831982759973,-72.55671391044326,-79651969#4_0,34.214179196504325,1.515645328620348,27.78,False,None,None,None,False
168.0,veh0,24.48431965645968,1.9103186349617332,41.88832036191019,-72.55670085764848,-79651969#3_0,35.67626905288695,1.4571068158503848,27.78,False,None,None,None,False
169.0,veh0,25.29857726311695,0.8142576066572715,41.888320712245736,-72.556692291567,-79651969#3_0,32.75184812097813,1.294612253501203,27.78,False,None,None,None,False
170.0,veh0,20.79857726311695,-4.5,41.888321037806904,-72.5566843618787,-79651969#3_0,27.30267567872768,1.3127184294064547,27.78,False,None,None,None,False
171.0,veh0,16.36443179590511,-4.434145467211842,41.888321302017644,-72.55667797234514,-79651969#3_0,,,27.78,False,None,None,None,False
172.0,veh0,18.662472744573606,2.298040948668497,41.88832155104173,-72.55667195007763,-79651969#3_0,,,27.78,False,None,None,None,False
173.0,veh0,20.885920533615863,2.2234477890422575,41.888322038756556,-72.55666016314514,-79651969#2_0,,,27.78,False,None,None,None,False
174.0,veh0,16.60664863822853,-4.279271895387332,41.88832230530712,-72.55665371712307,-79651969#2_0,,,27.78,False,None,None,None,False
175.0,veh0,13.51185347791576,-3.0947951603127706,41.88832271733213,-72.55664355022785,-79651969#1_0,,,27.78,False,None,None,None,False
176.0,veh0,9.01185347791576,-4.5,41.88832287158272,-72.55663966779785,-79651969#1_0,,,27.78,False,None,None,None,False
177.0,veh0,4.511853477915761,-4.5,41.88832295814449,-72.55663732602507,-79651969#1_0,,,27.78,False,None,None,None,False
178.0,veh0,0.2974828240516774,-4.2143706538640835,41.88832298892781,-72.55663649323766,-79651969#1_0,,,27.78,False,None,None,None,False
179.0,veh0,0.0,-0.2974828240516774,41.88832298918959,-72.55663648615577,-79651969#1_0,,,27.78,False,None,None,None,False
180.0,veh0,0.0,0.0,41.88832298918959,-72.55663648615577,-79651969#1_0,,,27.78,False,None,None,None,False
181.0,veh0,0.0,0.0,41.88832298918959,-72.55663648615577,-79651969#1_0,,,27.78,False,None,None,None,False
182.0,veh0,0.0,0.0,41.88832298918959,-72.55663648615577,-79651969#1_0,,,27.78,False,None,None,None,False
183.0,veh0,0.0,0.0,41.88832298918959,-72.55663648615577,-79651969#1_0,,,27.78,False,None,None,None,False
184.0,veh0,0.0,0.0,41.88832298918959,-72.55663648615577,-79651969#1_0,,,27.78,False,None,None,None,False
185.0,veh0,0.0,0.0,41.88832298918959,-72.55663648615577,-79651969#1_0,,,27.78,False,None,None,None,False
186.0,veh0,0.0,0.0,41.88832298918959,-72.55663648615577,-79651969#1_0,,,27.78,False,None,None,None,False
187.0,veh0,0.0,0.0,41.88832298918959,-72.55663648615577,-79651969#1_0,,,27.78,False,None,None,None,False
188.0,veh0,0.0,0.0,41.88832298918959,-72.55663648615577,-79651969#1_0,,,27.78,False,None,None,None,False
189.0,veh0,0.0,0.0,41.88832298918959,-72.55663648615577,-79651969#1_0,,,27.78,False,None,None,None,False
190.0,veh0,0.0,0.0,41.88832298918959,-72.55663648615577,-79651969#1_0,,,27.78,False,None,None,None,False
191.0,veh0,0.0,0.0,41.88832298918959,-72.55663648615577,-79651969#1_0,,,27.78,False,None,None,None,False
192.0,veh0,0.0,0.0,41.88832298918959,-72.55663648615577,-79651969#1_0,,,27.78,False,None,None,None,False
193.0,veh0,0.0,0.0,41.88832298918959,-72.55663648615577,-79651969#1_0,,,27.78,False,None,None,None,False
194.0,veh0,2.575038079521619,2.575038079521619,41.8883233420479,-72.55662532342205,-657454558#9_0,,,27.78,False,None,None,None,False
195.0,veh0,4.663731814874335,2.0886937353527166,41.88832337334987,-72.55662404868383,-657454558#9_0,,,27.78,False,None,None,None,False
196.0,veh0,5.9762064671143875,1.312474652240052,41.88832341935922,-72.55662217500414,-657454558#9_0,,,27.78,False,None,None,None,False
197.0,veh0,7.31918687801808,1.3429804109036922,41.88832347685131,-72.55661983370219,-657454558#9_0,,,27.78,False,None,None,None,False
198.0,veh0,9.711641183309256,2.392454305291176,41.888323549173165,-72.55661683319761,-657454558#9_0,,,27.78,False,None,None,None,False
199.0,veh0,12.205788084934465,2.494146901625209,41.88832363257404,-72.55661296155313,-657454558#9_0,,,27.78,False,None,None,None,False
200.0,veh0,14.598286542436107,2.3924984575016417,41.888323794380646,-72.55660485553663,-657454558#7_0,,,27.78,False,None,None,None,False
201.0,veh0,16.51697109946981,1.9186845570337034,41.88832389105817,-72.55659933924045,-657454558#7_0,,,27.78,False,None,None,None,False
202.0,veh0,18.54387190651614,2.0269008070463315,41.88832399999494,-72.55659312344764,-657454558#7_0,,,27.78,False,None,None,None,False
203.0,veh0,20.09221555914264,1.5483436526264995,41.88832412004026,-72.55658627381443,-657454558#7_0,,,27.78,False,None,None,None,False
204.0,veh0,22.046569842565805,1.9543542834231644,41.88832425096874,-72.5565788032023,-657454558#7_0,,,27.78,False,None,None,None,False
205.0,veh0,23.55012803128921,1.503558188723403,41.88832439287495,-72.55657071973906,-657454558#7_0,,,27.78,False,None,None,None,False
206.0,veh0,25.347914838907315,1.797786807618106,41.88832465746519,-72.5565569309734,-657454558#6_0,,,27.78,False,None,None,None,False
207.0,veh0,27.70903188921512,2.3611170503078043,41.88832506399761,-72.55654787598485,-657454558#6_0,,,27.78,False,None,None,None,False
208.0,veh0,27.06680447084409,-0.6422274183710286,41.88832557247698,-72.55653872321348,-657454558#6_0,,,27.78,False,None,None,None,False
209.0,veh0,27.024297144287722,-0.04250732655636824,41.88832641618103,-72.55652361881997,-657454558#4_0,,,27.78,False,None,None,None,False
210.0,veh0,27.825622765277966,0.8013256209902444,41.88832692681516,-72.55651445498481,-657454558#4_0,,,27.78,False,None,None,None,False
211.0,veh0,27.753173621022597,-0.07244914425536919,41.888327718647055,-72.55650038051965,-657454558#3_0,,,27.78,False,None,None,None,False
212.0,veh0,27.303024255973742,-0.45014936504885483,41.88832851117166,-72.55648631298641,-657454558#2_0,,,27.78,False,None,None,None,False
213.0,veh0,25.892685824856546,-1.4103384311171965,41.88832930870761,-72.55647272243289,-657454558#1_0,,,27.78,False,None,None,None,False
214.0,veh0,22.6931200931761,-3.1995657316804476,41.88832979073046,-72.55646468515032,-657454558#1_0,,,27.78,False,None,None,None,False
215.0,veh0,24.793975926305126,2.100855833129028,41.88833052088014,-72.55645200107172,-657454558#0_0,,,27.78,False,None,None,None,False
216.0,veh0,26.990871653331403,2.196895727026277,41.88833096440537,-72.55644325651285,-657454558#0_0,,,27.78,False,None,None,None,False
217.0,veh0,27.013438552967727,0.022566899636323967,41.88833169361503,-72.55642933379676,-954343745#2_0,,,27.78,False,None,None,None,False
218.0,veh0,27.49890824775257,0.48546969478484314,41.888332461089995,-72.55641527382383,-954343745#1_0,,,27.78,False,None,None,None,False
219.0,veh0,27.927743648132765,0.4288354003801942,41.888332970447166,-72.55640599897666,-954343745#1_0,,,27.78,False,None,None,None,False
220.0,veh0,27.672234367882357,-0.25550928025040776,41.88833373405071,-72.55639178220386,-954343745#0_0,,,27.78,False,None,None,None,False
221.0,veh0,27.190734296758183,-0.4815000711241737,41.88833421213505,-72.55638253903041,-954343745#0_0,,,27.78,False,None,None,None,False
222.0,veh0,27.590636009118043,0.39990171235985983,41.88833468957171,-72.55637330975462,-954343745#0_0,,,27.78,False,None,None,None,False
223.0,veh0,27.970547837624782,0.37991182850673866,41.88833537338559,-72.55635896840636,-664457143#8_0,,,27.78,False,None,None,None,False
224.0,veh0,26.833872157405587,-1.136675680219195,41.88833579911211,-72.55634961948432,-664457143#8_0,,,27.78,False,None,None,None,False
225.0,veh0,26.864867194090493,0.03099503668490655,41.88833644299275,-72.55633548152008,-664457143#7_0,,,27.78,False,None,None,None,False
226.0,veh0,27.578974041948552,0.7141068478580586,41.8883368660482,-72.55632619268751,-664457143#7_0,,,27.78,False,None,None,None,False
227.0,veh0,27.612818556558796,0.0338445146102444,41.88833729538426,-72.55631677722332,-664457143#7_0,,,27.78,False,None,None,None,False
228.0,veh0,28.02824708197777,0.41542852541897446,41.88833793861757,-72.55630229422054,-664457143#6_0,,,27.78,False,None,None,None,False
229.0,veh0,27.45039749485486,-0.577849587122909,41.88833857219952,-72.55628782662586,-664457143#5_0,,,27.78,False,None,None,None,False
230.0,veh0,27.211178025417485,-0.23921946943737638,41.88833897691912,-72.55627846068137,-664457143#5_0,,,27.78,False,None,None,None,False
231.0,veh0,26.843641427602144,-0.36753659781534154,41.88833937680786,-72.5562691980313,-664457143#5_0,,,27.78,False,None,None,None,False
232.0,veh0,26.888272569585116,0.04463114198297191,41.88833977461374,-72.55625999131875,-664457143#5_0,,,27.78,False,None,None,None,False
233.0,veh0,27.94751763590657,1.0592450663214557,41.88834018081635,-72.55625059590616,-664457143#5_0,344.53679281401526,12.327992679083573,27.78,False,None,None,None,False
234.0,veh0,24.63834214576159,-3.3091754901449804,41.88834056997075,-72.55624158523547,-664457143#5_0,318.7666418091459,12.937828362123858,27.78,False,None,None,None,False
235.0,veh0,20.13834214576159,-4.5,41.88834089850251,-72.55623390717072,-664457143#5_0,296.37829966338427,14.717115118920622,27.78,False,None,None,None,False
236.0,veh0,15.640013999625246,-4.498328146136345,41.88834116447275,-72.55622777894013,-664457143#5_0,278.48912159069084,17.806193881755078,27.78,False,None,None,None,False
237.0,veh0,11.177780547801225,-4.462233451824021,41.88834136477125,-72.55622318732674,-664457143#5_0,265.08022431697765,23.714924727979334,27.78,False,None,None,None,False
238.0,veh0,6.677780547801225,-4.5,41.88834149705997,-72.55622012804693,-664457143#5_0,256.15244376917644,38.358919095285195,27.78,False,None,None,None,False
239.0,veh0,2.4153501289201103,-4.262430418881115,41.888341564429375,-72.55621857007678,-664457143#5_0,251.60587843081575,104.16952615615499,27.78,False,None,None,None,False
240.0,veh0,0.0,-2.4153501289201103,41.88834158126042,-72.55621818084568,-664457143#5_0,250.47000000000006,,27.78,False,None,None,None,False
241.0,veh0,0.0,0.0,41.88834158126042,-72.55621818084568,-664457143#5_0,250.47000000000006,,27.78,False,None,None,None,False
242.0,veh0,0.0,0.0,41.88834158126042,-72.55621818084568,-664457143#5_0,250.47000000000006,,27.78,False,None,None,None,False
243.0,veh0,0.0,0.0,41.88834158126042,-72.55621818084568,-664457143#5_0,250.47000000000006,,27.78,False,None,None,None,False
244.0,veh0,0.0,0.0,41.88834158126042,-72.55621818084568,-664457143#5_0,250.47000000000006,,27.78,False,None,None,None,False
245.0,veh0,2.084730020305142,2.084730020305142,41.888341747782,-72.55621305656011,-664457143#2_0,249.4276349898475,119.64505358508664,27.78,False,None,None,None,False
246.0,veh0,3.7019014284946032,1.6171714081894613,41.88834176959285,-72.55621203408133,-664457143#2_0,246.5343192654476,66.5966730955616,27.78,False,None,None,None,False
247.0,veh0,5.0069789665984,1.3050775381037965,41.88834180241817,-72.55621049525075,-664457143#2_0,242.1798790679011,48.36846343543386,27.78,False,None,None,None,False
248.0,veh0,6.775020201411099,1.7680412348126993,41.888341846822556,-72.55620841340621,-664457143#2_0,236.28887948389638,34.8764833844602,27.78,False,None,None,None,False
249.0,veh0,8.10458187321201,1.3295616718009118,41.888341902591,-72.55620578392191,-664457143#2_0,228.84907844658483,28.23700001143764,27.78,False,None,None,None,False
250.0,veh0,9.88841507860925,1.78383320539724,41.88834197028194,-72.55620260449402,-664457143#2_0,220.64027275001172,22.31300678581987,27.78,False,None,None,None,False
251.0,veh0,12.404238949134015,2.5158238705247644,41.888342055977844,-72.5561986671315,-664457143#2_0,,,27.78,False,None,None,None,False
252.0,veh0,14.260611521289684,1.856372572155669,41.88834216210343,-72.55619396119182,-664457143#2_0,,,27.78,False,None,None,None,False
253.0,veh0,15.76683535927441,1.5062238379847255,41.88834228199168,-72.55618866219785,-664457143#2_0,,,27.78,False,None,None,None,False
254.0,veh0,17.915388549841012,2.148553190566602,41.888342416251966,-72.55618271801131,-664457143#2_0,,,27.78,False,None,None,None,False
255.0,veh0,19.57772412556224,1.6623355757212295,41.88834256558328,-72.55617610116131,-664457143#2_0,,,27.78,False,None,None,None,False
256.0,veh0,21.658514154562734,2.080790029000493,41.88834272982309,-72.55616882371795,-664457143#2_0,,,27.78,False,None,None,None,False
257.0,veh0,23.86944386921824,2.2109297146555065,41.888342911146694,-72.55616078885438,-664457143#2_0,,,27.78,False,None,None,None,False
258.0,veh0,25.995079893246306,2.125636024028065,41.888343109752256,-72.5561519886763,-664457143#2_0,153.61201094307938,5.90927250748665,27.78,False,None,None,None,False
259.0,veh0,27.49155578524851,1.4964758920022057,41.88834332280338,-72.55614254928129,-664457143#2_0,144.54819942890177,5.257912668095118,27.78,False,None,None,None,False
260.0,veh0,26.940451824805223,-0.5511039604432888,41.888343539620166,-72.55613294304574,-664457143#2_0,,,27.78,False,None,None,None,False
261.0,veh0,26.998754843092048,0.05830301828682494,41.888343754474,-72.55612342378038,-664457143#2_0,,,27.78,False,None,None,None,False
262.0,veh0,26.88756604432174,-0.11118879877030707,41.88834408317789,-72.55610865738319,-664457143#1_0,101.26494050738111,3.766236792889879,27.78,False,None,None,None,False
263.0,veh0,25.73522151579309,-1.1523445285286513,41.88834428894996,-72.55609936585074,-664457143#1_0,79.83137356825051,3.1020278383560798,27.78,False,None,None,None,False
264.0,veh0,22.34594996165231,-3.3892715541407803,41.88834447711347,-72.55609087637912,-664457143#1_0,57.65230037492617,2.579988788745289,27.78,False,None,None,None,False
265.0,veh0,17.84594996165231,-4.5,41.88834452718048,-72.55608371822024,-664457143#1_0,37.60806105350175,2.1073723244946114,27.78,False,None,None,None,False
266.0,veh0,13.345949961652309,-4.5,41.88834413788906,-72.55607365167883,-664457143#0_0,22.01211109184944,1.6493476414266586,27.78,False,None,None,None,False
267.0,veh0,8.882044364911742,-4.463905596740567,41.88834388304234,-72.55607007885341,-664457143#0_0,12.164669592871594,1.369579917989125,27.78,False,None,None,None,False
268.0,veh0,5.658375617982097,-3.2236687469296452,41.88834371446952,-72.55606774770511,-664457143#0_0,8.303196444912391,1.4674169771489112,27.78,False,None,None,None,False
269.0,veh0,5.873940453751359,0.21556483576926233,41.88834358077083,-72.55606589882186,-664457143#0_0,7.499078072595173,1.2766690659599602,27.78,False,None,None,None,False
270.0,veh0,5.529357431746719,-0.34458302200463997,41.88834344852538,-72.55606407076398,-664457143#0_0,8.338111583927388,1.507971167871017,27.78,False,None,None,None,False
271.0,veh0,7.759152345835862,2.229794914089143,41.88834233099655,-72.55604949426785,-657499292#1_0,9.866804150566495,1.2716342856525757,27.78,False,None,None,None,False
272.0,veh0,8.396112883225408,0.6369605373895455,41.88834214320372,-72.55604690538955,-657499292#1_0,11.81816696643552,1.4075759974650928,27.78,False,None,None,None,False
273.0,veh0,10.234196913400059,1.8380840301746506,41.88834192663959,-72.55604391988834,-657499292#1_0,14.450469188154834,1.411978810885907,27.78,False,None,None,None,False
274.0,veh0,12.354169548274342,2.1199726348742836,41.88834166406586,-72.55604030010981,-657499292#1_0,17.097408208612656,1.3839382843018257,27.78,False,None,None,None,False
275.0,veh0,13.753527988488178,1.3993584402138364,41.88834136025778,-72.55603611743996,-657499292#1_0,20.207919165905537,1.4692898565967758,27.78,False,None,None,None,False
276.0,veh0,15.601839645108532,1.8483116566203535,41.88834101897387,-72.5560314134132,-657499292#1_0,23.904627743863607,1.5321672499920966,27.78,False,None,None,None,False
277.0,veh0,16.99068580695367,1.388846161845139,41.888340640054935,-72.55602619065075,-657499292#1_0,28.35900615572956,1.6690913173218263,27.78,False,None,None,None,False
278.0,veh0,18.583941311686623,1.5932555047329515,41.888340226465246,-72.55602049002721,-657499292#1_0,33.36292543079324,1.795255638792443,27.78,False,None,None,None,False
279.0,veh0,20.519930007187043,1.93598869550042,41.88833977184451,-72.55601422386364,-657499292#1_0,38.35366082496854,1.8690931602366718,27.78,False,None,None,None,False
280.0,veh0,22.94712529121372,2.427195284026677,41.88833926591912,-72.55600726045003,-657499292#1_0,42.07329937841649,1.8334888943377166,27.78,False,None,None,None,False
281.0,veh0,24.297083002346895,1.3499577111331753,41.88833872749424,-72.55599965458553,-657499292#1_0,44.32707810788244,1.8243785932492727,27.78,False,None,None,None,False
282.0,veh0,26.099992070528074,1.8029090681811795,41.888338162584446,-72.55599151045637,-657499292#1_0,45.448949662449195,1.7413395965652352,27.78,False,None,None,None,False
283.0,veh0,26.996180560766245,0.8961884902381705,41.88833756741999,-72.55598293015507,-657499292#1_0,45.07521597244404,1.6696886387681151,27.78,False,None,None,None,False
284.0,veh0,27.63294650993821,0.6367659491719664,41.88833660841829,-72.55596952194186,-656588867#1_0,43.583713666777186,1.577237289953942,27.78,False,None,None,None,False
285.0,veh0,27.534059421834993,-0.09888708810321845,41.88833596847059,-72.55596067623925,-656588867#1_0,41.759640823988825,1.5166539805922223,27.78,False,None,None,None,False
286.0,veh0,27.325830302690612,-0.2082291191443808,41.88833533208824,-72.55595187977205,-656588867#1_0,38.65556997855151,1.4146164837576893,27.78,False,None,None,None,False
287.0,veh0,24.959545331782103,-2.3662849709085094,41.88833438573425,-72.55593891032714,-656588867#0_0,33.59853056363909,1.3461194952480395,27.78,False,None,None,None,False
288.0,veh0,21.604947083479782,-3.3545982483023202,41.88833382162776,-72.55593152626899,-656588867#0_0,27.594717627327462,1.2772406949530442,27.78,False,None,None,None,False
289.0,veh0,17.104947083479782,-4.5,41.88833334405547,-72.55592541798279,-656588867#0_0,21.282528049779557,1.2442323233104033,27.78,False,None,None,None,False
290.0,veh0,12.752531965688183,-4.352415117791599,41.888332975697324,-72.5559207065768,-656588867#0_0,15.021063192905906,1.177888691698355,27.78,False,None,None,None,False
291.0,veh0,8.252531965688183,-4.5,41.88833271655333,-72.55591739205101,-656588867#0_0,8.84665292865185,1.0719925673034485,27.78,False,None,None,None,False
292.0,veh0,4.948205063032244,-3.304326902655939,41.88833255369299,-72.55591530902078,-656588867#0_0,2.810038671518754,0.5678905048847696,27.78,False,None,None,None,False
293.0,veh0,0.4830186649189829,-4.465186398113262,41.88833249039218,-72.55591443951646,-656588867#0_0,0.09442680754314381,0.19549308215445896,27.78,False,None,None,None,False
294.0,veh0,0.0,-0.4830186649189829,41.88833248830953,-72.5559144092821,-656588867#0_0,0.0010000000000047748,,27.78,False,None,None,None,False
295.0,veh0,0.0,0.0,41.88833248830953,-72.5559144092821,-656588867#0_0,0.0010000000000047748,,27.78,False,None,None,None,False
296.0,veh0,0.0,0.0,41.88833248830953,-72.5559144092821,-656588867#0_0,0.0010000000000047748,,27.78,False,None,None,None,False
297.0,veh0,0.0,0.0,41.88833248830953,-72.5559144092821,-656588867#0_0,0.0010000000000047748,,27.78,False,None,None,None,False
298.0,veh0,0.0,0.0,41.88833248830953,-72.5559144092821,-656588867#0_0,0.0010000000000047748,,27.78,False,None,None,None,False
299.0,veh0,0.0,0.0,41.88833248830953,-72.5559144092821,-656588867#0_0,0.0010000000000047748,,27.78,False,None,None,None,False
300.0,veh0,0.0,0.0,41.88833248830953,-72.5559144092821,-656588867#0_0,0.0010000000000047748,,27.78,False,None,None,None,False
301.0,veh0,0.0,0.0,41.88833248830953,-72.5559144092821,-656588867#0_0,0.0010000000000047748,,27.78,False,None,None,None,False
302.0,veh0,0.0,0.0,41.88833248830953,-72.5559144092821,-656588867#0_0,0.0010000000000047748,,27.78,False,None,None,None,False
303.0,veh0,0.0,0.0,41.88833248830953,-72.5559144092821,-656588867#0_0,0.0010000000000047748,,27.78,False,None,None,None,False
304.0,veh0,0.0,0.0,41.88833248830953,-72.5559144092821,-656588867#0_0,0.0010000000000047748,,27.78,False,None,None,None,False
305.0,veh0,0.0,0.0,41.88833248830953,-72.5559144092821,-656588867#0_0,0.0010000000000047748,,27.78,False,None,None,None,False
306.0,veh0,0.0,0.0,41.88833248830953,-72.5559144092821,-656588867#0_0,0.0010000000000047748,,27.78,False,None,None,None,False
307.0,veh0,0.0,0.0,41.88833248830953,-72.5559144092821,-656588867#0_0,0.0010000000000047748,,27.78,False,None,None,None,False
308.0,veh0,0.0,0.0,41.88833248830953,-72.5559144092821,-656588867#0_0,0.0010000000000047748,,27.78,False,None,None,None,False
309.0,veh0,0.0,0.0,41.88833248830953,-72.5559144092821,-656588867#0_0,0.0010000000000047748,,27.78,False,None,None,None,False
310.0,veh0,0.0,0.0,41.88833248830953,-72.5559144092821,-656588867#0_0,0.0010000000000047748,,27.78,False,None,None,None,False
311.0,veh0,0.0,0.0,41.88833248830953,-72.5559144092821,-656588867#0_0,0.0010000000000047748,,27.78,False,None,None,None,False
312.0,veh0,0.0,0.0,41.88833248830953,-72.5559144092821,-656588867#0_0,1.1032565240040526,,27.78,False,None,None,None,False
313.0,veh0,1.5621971177243656,1.5621971177243656,41.88833247089744,-72.5559141565065,-656588867#0_0,3.3201936540380643,2.125335923596218,27.78,False,None,None,None,False
314.0,veh0,3.6446395943014918,2.082442476577126,41.88833241286256,-72.55591331400004,-656588867#0_0,,,27.78,False,None,None,None,False
315.0,veh0,5.903907200189217,2.2592676058877257,41.88833230643542,-72.55591176897127,-656588867#0_0,,,27.78,False,None,None,None,False
316.0,veh0,7.933149324155323,2.029242123966106,41.88833176280408,-72.55590545302799,1109952947_1,,,27.78,False,None,None,None,False
317.0,veh0,9.532804309374564,1.5996549852192405,41.888331267439845,-72.55590052009163,247979032#0_1,,,27.78,False,None,None,None,False
318.0,veh0,12.008073215473354,2.4752689060987905,41.88833100712761,-72.55589710220694,247979032#0_1,,,27.78,False,None,None,None,False
319.0,veh0,14.220125563287088,2.2120523478137333,41.88833069017111,-72.55589294058638,247979032#0_1,,,27.78,False,None,None,None,False
320.0,veh0,11.071820168119139,-3.1483053951679487,41.88833038452883,-72.55588892752081,247979032#0_1,,,27.78,False,None,None,None,False
321.0,veh0,6.571820168119139,-4.5,41.888330171026354,-72.55588612901123,247979032#0_1,,,27.78,False,None,None,None,False
322.0,veh0,2.071820168119139,-4.5,41.88833009506737,-72.55588468619142,247979032#0_1,,,27.78,False,None,None,None,False
323.0,veh0,0.15120510268141857,-1.9206150654377203,41.888330081524224,-72.55588430007893,247979032#0_1,,,27.78,False,None,None,None,False
324.0,veh0,0.0,-0.15120510268141857,41.88833008146281,-72.55588429832794,247979032#0_1,,,27.78,False,None,None,None,False
325.0,veh0,0.0,0.0,41.88833008146281,-72.55588429832794,247979032#0_1,,,27.78,False,None,None,None,False
326.0,veh0,0.0,0.0,41.88833008146281,-72.55588429832794,247979032#0_1,,,27.78,False,None,None,None,False
327.0,veh0,0.0,0.0,41.88833008146281,-72.55588429832794,247979032#0_1,,,27.78,False,None,None,None,False
328.0,veh0,0.0,0.0,41.88833008146281,-72.55588429832794,247979032#0_1,,,27.78,False,None,None,None,False
329.0,veh0,0.0,0.0,41.88833008146281,-72.55588429832794,247979032#0_1,,,27.78,False,None,None,None,False
330.0,veh0,0.0,0.0,41.88833008146281,-72.55588429832794,247979032#0_1,,,27.78,False,None,None,None,False
331.0,veh0,0.0,0.0,41.88833008146281,-72.55588429832794,247979032#0_1,,,27.78,False,None,None,None,False
332.0,veh0,0.0,0.0,41.88833008146281,-72.55588429832794,247979032#0_1,,,27.78,False,None,None,None,False
333.0,veh0,0.0,0.0,41.88833008146281,-72.55588429832794,247979032#0_1,,,27.78,False,None,None,None,False
334.0,veh0,0.0,0.0,41.88833008146281,-72.55588429832794,247979032#0_1,,,27.78,False,None,None,None,False
335.0,veh0,0.0,0.0,41.88833008146281,-72.55588429832794,247979032#0_1,,,27.78,False,None,None,None,False
336.0,veh0,0.0,0.0,41.88833008146281,-72.55588429832794,247979032#0_1,,,27.78,False,None,None,None,False
337.0,veh0,0.0,0.0,41.88833008146281,-72.55588429832794,247979032#0_1,,,27.78,False,None,None,None,False
338.0,veh0,0.0,0.0,41.88833008146281,-72.55588429832794,247979032#0_1,-0.6569476072060567,,27.78,False,None,None,None,False
339.0,veh0,0.0,0.0,41.88833008146281,-72.55588429832794,247979032#0_1,7.5318428862468405,,27.78,False,None,None,None,False
340.0,veh0,0.0,0.0,41.88833008146281,-72.55588429832794,247979032#0_1,17.419955530847965,,27.78,False,None,None,None,False
341.0,veh0,0.0,0.0,41.88833008146281,-72.55588429832794,247979032#0_1,28.863453414021578,,27.78,False,None,None,None,False
342.0,veh0,0.0,0.0,41.88833008146281,-72.55588429832794,247979032#0_1,42.06843066363785,,27.78,False,None,None,None,False
343.0,veh0,0.0,0.0,41.88833008146281,-72.55588429832794,247979032#0_1,57.18979623571365,,27.78,False,None,None,None,False
344.0,veh0,0.0,0.0,41.88833008146281,-72.55588429832794,247979032#0_1,74.17117892470444,,27.78,False,None,None,None,False
345.0,veh0,0.0,0.0,41.88833008146281,-72.55588429832794,247979032#0_1,92.89090969455333,,27.78,False,None,None,None,False
346.0,veh0,0.0,0.0,41.88833008146281,-72.55588429832794,247979032#0_1,113.26436275900849,,27.78,False,None,None,None,False
347.0,veh0,0.0,0.0,41.88833008146281,-72.55588429832794,247979032#0_1,135.41071024509094,,27.78,False,None,None,None,False
348.0,veh0,0.0,0.0,41.88833008146281,-72.55588429832794,247979032#0_1,,,27.78,False,None,None,None,False
349.0,veh0,0.0,0.0,41.88833008146281,-72.55588429832794,247979032#0_1,,,27.78,False,None,None,None,False
350.0,veh0,0.0,0.0,41.88833008146281,-72.55588429832794,247979032#0_1,,,27.78,False,None,None,None,False
351.0,veh0,0.0,0.0,41.88833008146281,-72.55588429832794,247979032#0_1,,,27.78,False,None,None,None,False
352.0,veh0,0.0,0.0,41.88833008146281,-72.55588429832794,247979032#0_1,,,27.78,False,None,None,None,False
353.0,veh0,0.0,0.0,41.88833008146281,-72.55588429832794,247979032#0_1,,,27.78,False,None,None,None,False
354.0,veh0,0.0,0.0,41.88833008146281,-72.55588429832794,247979032#0_1,,,27.78,False,None,None,None,False
355.0,veh0,1.903367281658575,1.903367281658575,41.88833006986709,-72.55588396773616,247979032#0_1,,,27.78,False,None,None,None,False
356.0,veh0,4.416730887233279,2.513363605574704,41.88832937806547,-72.5558722032938,574551592#1_0,,,27.78,False,None,None,None,False
357.0,veh0,6.2695749492151664,1.8528440619818873,41.88832926531295,-72.5558704549156,574551592#1_0,,,27.78,False,None,None,None,False
358.0,veh0,8.544663638039493,2.2750886888243267,41.888329118679884,-72.55586800470506,574551592#1_0,,,27.78,False,None,None,None,False
359.0,veh0,11.067705655680038,2.5230420176405453,41.88832893911119,-72.55586472128797,574551592#1_0,,,27.78,False,None,None,None,False
360.0,veh0,12.538969829957932,1.4712641742778931,41.88832873728487,-72.55586074305218,574551592#1_0,,,27.78,False,None,None,None,False
361.0,veh0,14.641437686257994,2.1024678563000627,41.888328614718496,-72.55585596225679,574551592#1_0,,,27.78,False,None,None,None,False
362.0,veh0,16.809057723078876,2.167620036820882,41.888328502571724,-72.55585040306028,574551592#1_0,,,27.78,False,None,None,None,False
363.0,veh0,18.131132202921435,1.3220744798425592,41.88832845525529,-72.55584417841976,574551592#1_0,,,27.78,False,None,None,None,False
364.0,veh0,20.32228185290005,2.191149649978616,41.888328541783636,-72.55583734341283,574551592#1_0,,,27.78,False,None,None,None,False
365.0,veh0,22.852663595671768,2.5303817427717163,41.88832870312244,-72.55582971441657,574551592#1_0,,,27.78,False,None,None,None,False
366.0,veh0,24.19971910659224,1.3470555109204732,41.88832892020162,-72.55582144414367,574551592#1_0,,,27.78,False,None,None,None,False
367.0,veh0,26.228508244454865,2.028789137862624,41.88832928649733,-72.55580750389693,848762797#1_0,,,27.78,False,None,None,None,False
368.0,veh0,27.913639119454185,1.6851308749993201,41.888329536467786,-72.55579798817611,848762797#1_0,123.83007698153587,4.436185351956976,27.78,False,None,None,None,False
369.0,veh0,27.227586516994506,-0.6860526024596787,41.888329849993475,-72.5557832991457,656588870_0,112.63754995515498,4.1368907187146595,27.78,False,None,None,None,False
370.0,veh0,27.782119481009886,0.5545329640153795,41.888330056843444,-72.55577359343101,656588870_0,103.80063725268818,3.7362389620287892,27.78,False,None,None,None,False
371.0,veh0,27.830146642029742,0.04802716101985638,41.888330568826476,-72.5557590375796,574551591#0_0,96.79964793488686,3.478229891491041,27.78,False,None,None,None,False
372.0,veh0,27.447008497384832,-0.38313814464491003,41.88833095049268,-72.55574421491467,574551591#1_0,92.11893388642955,3.356246779870626,27.78,False,None,None,None,False
373.0,veh0,27.629773006285998,0.18276450890116536,41.8883312084994,-72.5557345379485,574551591#1_0,88.87008349778469,3.216460861895826,27.78,False,None,None,None,False
374.0,veh0,27.584216552367888,-0.045556453918109696,41.88833159685241,-72.55571976932161,574551591#2_0,83.53526913394995,3.0283720030750376,27.78,False,None,None,None,False
375.0,veh0,27.136502118269437,-0.4477144340984509,41.88833184753284,-72.55571014804126,574551591#2_0,73.9470902141235,2.7250044936461877,27.78,False,None,None,None,False
376.0,veh0,25.40563518092661,-1.730866937342828,41.88833221958363,-72.55569583352649,574551591#3_0,61.66582195819291,2.4272497624656433,27.78,False,None,None,None,False
377.0,veh0,20.97103445526094,-4.434600725665668,41.888332563339915,-72.55568261448049,574551591#4_0,,,27.78,False,None,None,None,False
378.0,veh0,22.506899103414018,1.5358646481530762,41.888332763798765,-72.55567497127822,574551591#4_0,,,27.78,False,None,None,None,False
379.0,veh0,24.623863828656017,2.116964725241999,41.88833327788956,-72.55565441745075,574551591#6_0,,,27.78,False,None,None,None,False
380.0,veh0,26.589794497130192,1.9659306684741757,41.88833351163989,-72.55564541227895,574551591#6_0,,,27.78,False,None,None,None,False
381.0,veh0,27.38317104214848,0.7933765450182868,41.888333757984306,-72.55563592192338,574551591#6_0,,,27.78,False,None,None,None,False
382.0,veh0,27.78731750142806,0.4041464592795805,41.888334009794484,-72.55562622100094,574551591#6_0,,,27.78,False,None,None,None,False
383.0,veh0,27.71599946627439,-0.07131803515366997,41.88833438756515,-72.55561138508216,574551591#7_0,,,27.78,False,None,None,None,False
384.0,veh0,27.04581000108783,-0.6701894651865601,41.88833477844187,-72.55559667595212,574551591#8_0,,,27.78,False,None,None,None,False
385.0,veh0,27.05888679339596,0.01307679230813008,41.88833504063949,-72.55558718104518,574551591#8_0,,,27.78,False,None,None,None,False
386.0,veh0,27.32367285015107,0.2647860567551099,41.888335304183656,-72.55557763737573,574551591#8_0,,,27.78,False,None,None,None,False
387.0,veh0,27.11556150282313,-0.20811134732793946,41.888335689668246,-72.55556303340438,574551591#9_0,,,27.78,False,None,None,None,False
388.0,veh0,24.493426537198427,-2.622134965624703,41.888335880990944,-72.55555391214598,574551591#9_0,,,27.78,False,None,None,None,False
389.0,veh0,20.657766360432813,-3.8356601767656144,41.888336024433976,-72.55554591038906,574551591#9_0,,,27.78,False,None,None,None,False
390.0,veh0,22.221083672266932,1.563317311834119,41.888336159223236,-72.55553831016665,574551591#9_0,,,27.78,False,None,None,None,False
391.0,veh0,17.721083672266932,-4.5,41.88833628478106,-72.55553123046758,574551591#9_0,,,27.78,False,None,None,None,False
392.0,veh0,14.874369304533339,-2.8467143677335933,41.88833648049986,-72.55552032993981,93767607#0_0,,,15.65,False,None,None,None,False
393.0,veh0,14.650333315389453,-0.22403598914388567,41.88833657657642,-72.5555150991766,93767607#0_0,,,15.65,False,None,None,None,False
394.0,veh0,14.971391519507616,0.3210582041181631,41.888336692914876,-72.55550987064473,93767607#0_0,,,15.65,False,None,None,None,False
395.0,veh0,15.051644332613087,0.08025281310547072,41.88833682061988,-72.55550458080975,93767607#0_0,,,15.65,False,None,None,None,False
396.0,veh0,14.70933049840316,-0.3423138342099268,41.88833694906084,-72.55549933922559,93767607#0_0,,,15.65,False,None,None,None,False
397.0,veh0,15.000435639358349,0.2911051409551888,41.88833707919337,-72.55549410882689,93767607#0_0,,,15.65,False,None,None,None,False
398.0,veh0,14.910206999163366,-0.090228640194983,41.88833724007847,-72.55548888112627,93767607#0_0,,,15.65,False,None,None,None,False
399.0,veh0,14.930481189581789,0.020274190418422933,41.888337604390145,-72.55547862465556,93767607#1_0,,,15.65,False,None,None,None,False
400.0,veh0,15.566861933864876,0.6363807442830876,41.88833783306736,-72.55547340490058,93767607#1_0,,,15.65,False,None,None,None,False
401.0,veh0,14.533111169770583,-1.0337507640942931,41.888338061150215,-72.55546825760982,93767607#1_0,,,15.65,False,None,None,None,False
402.0,veh0,15.664400403806232,1.1312892340356484,41.88833828997217,-72.55546309363933,93767607#1_0,,,15.65,False,None,None,None,False
403.0,veh0,15.145200838939509,-0.5191995648667227,41.88833853291444,-72.55545784620148,93767607#1_0,,,15.65,False,None,None,None,False
404.0,veh0,14.718445968953183,-0.4267548699863255,41.888338800571375,-72.55545283183366,93767607#1_0,,,15.65,False,None,None,None,False
405.0,veh0,15.244325901194697,0.525879932241514,41.88833933094597,-72.55544291007466,93767607#2_0,,,15.65,False,None,None,None,False
406.0,veh0,14.594239286635293,-0.6500866145594042,41.88833959865614,-72.55543790104878,93767607#2_0,,,15.65,False,None,None,None,False
407.0,veh0,15.406985566624662,0.8127462799893692,41.88833986782568,-72.55543286471708,93767607#2_0,,,15.65,False,None,None,None,False
408.0,veh0,14.962867738398947,-0.4441178282257159,41.88834014000314,-72.55542776577072,93767607#2_0,,,15.65,False,None,None,None,False
409.0,veh0,15.141095435222834,0.17822769682388717,41.888340409701264,-72.55542271123005,93767607#2_0,,,15.65,False,None,None,None,False
410.0,veh0,14.538034864491074,-0.6030605707317598,41.888340675593355,-72.55541772802003,93767607#2_0,,,15.65,False,None,None,None,False
411.0,veh0,15.668094047623908,1.1300591831328344,41.88834094620677,-72.55541265632546,93767607#2_0,,,15.65,False,None,None,None,False
412.0,veh0,15.309868807181939,-0.35822524044196946,41.888341223734955,-72.55540745503778,93767607#2_0,,,15.65,False,None,None,None,False
413.0,veh0,13.204916285980145,-2.1049525212017937,41.88834147919581,-72.55540266732461,93767607#2_0,,,15.65,False,None,None,None,False
414.0,veh0,9.032639017908046,-4.172277268072099,41.888341678419636,-72.55539893357611,93767607#2_0,,,15.65,False,None,None,None,False
415.0,veh0,11.17870048903595,2.1460614711279042,41.88834185949082,-72.55539554003498,93767607#2_0,,,15.65,False,None,None,None,False
416.0,veh0,12.684035035802195,1.5053345467662442,41.888342332480576,-72.5553867010071,93767607#3_0,,,15.65,False,None,None,None,False
417.0,veh0,15.089824510595903,2.4057894747937087,41.888342582527926,-72.55538204107437,93767607#3_0,,,15.65,False,None,None,None,False
418.0,veh0,15.67770999807328,0.5878854874773758,41.888343123099176,-72.55537196478723,93767607#4_0,,,15.65,False,None,None,None,False
419.0,veh0,15.414367595197856,-0.26334240287542343,41.8883434020418,-72.55536674401544,93767607#4_0,,,15.65,False,None,None,None,False
420.0,veh0,15.375230966996623,-0.039136628201232426,41.88834367826198,-72.55536157401247,93767607#4_0,,,15.65,False,None,None,None,False
421.0,veh0,15.065578253077566,-0.309652713919057,41.888344210838774,-72.55535161056709,93767607#5_0,,,15.65,False,None,None,None,False
422.0,veh0,15.494591289292313,0.4290130362147462,41.888344484939275,-72.55534648022898,93767607#5_0,,,15.65,False,None,None,None,False
423.0,veh0,15.452472170814163,-0.04211911847814953,41.8883447625099,-72.55534128494041,93767607#5_0,,,15.65,False,None,None,None,False
424.0,veh0,15.289056195038594,-0.16341597577556932,41.88834503823705,-72.55533612415638,93767607#5_0,,,15.65,False,None,None,None,False
425.0,veh0,14.678682232926823,-0.6103739621117708,41.88834530702391,-72.5553310932736,93767607#5_0,,,15.65,False,None,None,None,False
426.0,veh0,14.93207138166692,0.2533891487400979,41.8883455726089,-72.55532612232021,93767607#5_0,,,15.65,False,None,None,None,False
427.0,veh0,15.155092183243706,0.2230208015767854,41.88834584246691,-72.55532107138875,93767607#5_0,,,15.65,False,None,None,None,False
428.0,veh0,15.597796429436876,0.44270424619316984,41.88834637778771,-72.55531105306736,511010141_0,,,27.78,False,None,None,None,False
429.0,veh0,16.992800426715277,1.3950039972784012,41.88834667008519,-72.5553055822078,511010141_0,,,27.78,False,None,None,None,False
430.0,veh0,18.690926210534982,1.6981257838197052,41.888346990124234,-72.55529959211628,511010141_0,,,27.78,False,None,None,None,False
431.0,veh0,20.312543520307393,1.621617309772411,41.888347339937276,-72.55529304475212,511010141_0,,,27.78,False,None,None,None,False
432.0,veh0,21.837376236635485,1.524832716328092,41.8883477179701,-72.55528596920537,511010141_0,,,27.78,False,None,None,None,False
433.0,veh0,23.878045366494213,2.0406691298587276,41.88834796506985,-72.55527807697975,32741384#0_0,,,27.78,False,None,None,None,False
434.0,veh0,25.683965139555973,1.8059197730617598,41.88834865831394,-72.55526446465734,844072243#0_0,,,27.78,False,None,None,None,False
435.0,veh0,27.156918007345393,1.4729528677894201,41.88834919399613,-72.5552557582,844072243#0_0,,,27.78,False,None,None,None,False
436.0,veh0,23.763406854440994,-3.3935111529043986,41.88834976457192,-72.55524752888964,844072243#0_0,,,27.78,False,None,None,None,False
437.0,veh0,20.053761366166707,-3.709645488274287,41.88835028129081,-72.55524053210857,844072243#0_0,,,27.78,False,None,None,None,False
438.0,veh0,15.553761366166707,-4.5,41.88835072210713,-72.55523491931976,844072243#0_0,,,27.78,False,None,None,None,False
439.0,veh0,11.145030580941208,-4.408730785225499,41.88835106744086,-72.55523076558916,844072243#0_0,,,27.78,False,None,None,None,False
440.0,veh0,7.736355184011114,-3.408675396930094,41.88835131854094,-72.55522785468798,844072243#0_0,,,27.78,False,None,None,None,False
441.0,veh0,3.2363551840111144,-4.5,41.888351467344336,-72.55522617455166,844072243#0_0,,,27.78,False,None,None,None,False
442.0,veh0,0.20339018482206173,-3.0329649991890526,41.88835151403961,-72.55522564805464,844072243#0_0,,,27.78,False,None,None,None,False
443.0,veh0,0.0,-0.20339018482206173,41.88835151498335,-72.55522563741383,844072243#0_0,,,27.78,False,None,None,None,False
444.0,veh0,0.0,0.0,41.88835151498335,-72.55522563741383,844072243#0_0,,,27.78,False,None,None,None,False
445.0,veh0,0.0,0.0,41.88835151498335,-72.55522563741383,844072243#0_0,,,27.78,False,None,None,None,False
446.0,veh0,0.0,0.0,41.88835151498335,-72.55522563741383,844072243#0_0,,,27.78,False,None,None,None,False
447.0,veh0,0.0,0.0,41.88835151498335,-72.55522563741383,844072243#0_0,,,27.78,False,None,None,None,False
448.0,veh0,0.0,0.0,41.88835151498335,-72.55522563741383,844072243#0_0,,,27.78,False,None,None,None,False
449.0,veh0,0.0,0.0,41.88835151498335,-72.55522563741383,844072243#0_0,,,27.78,False,None,None,None,False
450.0,veh0,0.0,0.0,41.88835151498335,-72.55522563741383,844072243#0_0,,,27.78,False,None,None,None,False
451.0,veh0,0.0,0.0,41.88835151498335,-72.55522563741383,844072243#0_0,,,27.78,False,None,None,None,False
452.0,veh0,0.0,0.0,41.88835151498335,-72.55522563741383,844072243#0_0,,,27.78,False,None,None,None,False
453.0,veh0,0.0,0.0,41.88835151498335,-72.55522563741383,844072243#0_0,,,27.78,False,None,None,None,False
454.0,veh0,0.0,0.0,41.88835151498335,-72.55522563741383,844072243#0_0,,,27.78,False,None,None,None,False
455.0,veh0,0.0,0.0,41.88835151498335,-72.55522563741383,844072243#0_0,,,27.78,False,None,None,None,False
456.0,veh0,0.0,0.0,41.88835151498335,-72.55522563741383,844072243#0_0,,,27.78,False,None,None,None,False
457.0,veh0,0.0,0.0,41.88835151498335,-72.55522563741383,844072243#0_0,,,27.78,False,None,None,None,False
458.0,veh0,0.0,0.0,41.88835151498335,-72.55522563741383,844072243#0_0,,,27.78,False,None,None,None,False
459.0,veh0,0.0,0.0,41.88835151498335,-72.55522563741383,844072243#0_0,,,27.78,False,None,None,None,False
460.0,veh0,0.0,0.0,41.88835151498335,-72.55522563741383,844072243#0_0,,,27.78,False,None,None,None,False
461.0,veh0,0.0,0.0,41.88835151498335,-72.55522563741383,844072243#0_0,,,27.78,False,None,None,None,False
462.0,veh0,0.0,0.0,41.88835151498335,-72.55522563741383,844072243#0_0,,,27.78,False,None,None,None,False
463.0,veh0,0.0,0.0,41.88835151498335,-72.55522563741383,844072243#0_0,,,27.78,False,None,None,None,False
464.0,veh0,2.0383962055668237,2.0383962055668237,41.88835218667575,-72.55521812368907,799602771#0_0,,,27.78,False,None,None,None,False
465.0,veh0,4.060943447449246,2.022547241882422,41.88835227080943,-72.55521719565849,799602771#0_0,,,27.78,False,None,None,None,False
466.0,veh0,6.499853808060289,2.438910360611043,41.88835241725267,-72.55521559207492,799602771#0_0,,,27.78,False,None,None,None,False
467.0,veh0,8.784857192938215,2.2850033848779265,41.888352635292556,-72.55521329710837,799602771#0_0,,,27.78,False,None,None,None,False
468.0,veh0,11.267200398771092,2.4823432058328763,41.88835292133972,-72.55521028633497,799602771#0_0,,,27.78,False,None,None,None,False
469.0,veh0,12.618812491605057,1.3516120928339657,41.88835327093752,-72.55520673964352,799602771#0_0,,,27.78,False,None,None,None,False
470.0,veh0,14.609218845376743,1.9904063537716858,41.888353679008944,-72.55520274050905,799602771#0_0,,,27.78,False,None,None,None,False
471.0,veh0,17.01429476547055,2.4050759200938057,41.88835416911785,-72.55519817283918,799602771#0_0,,,27.78,False,None,None,None,False
472.0,veh0,18.86702544419095,1.8527306787204019,41.88835474364271,-72.55519308381496,799602771#0_0,,,27.78,False,None,None,None,False
473.0,veh0,20.53359999866225,1.6665745544712998,41.88835539007641,-72.55518757696083,799602771#0_0,,,27.78,False,None,None,None,False
474.0,veh0,22.186792590841655,1.6531925921794048,41.8883560909765,-72.5551816061173,799602771#0_0,,,27.78,False,None,None,None,False
475.0,veh0,24.053749844199054,1.8669572533573984,41.888356849630576,-72.55517514327771,799602771#0_0,,,27.78,False,None,None,None,False
476.0,veh0,26.5699696708005,2.5162198266014464,41.88835767955989,-72.5551680644025,799602771#0_0,,,27.78,False,None,None,None,False
477.0,veh0,27.826669576834412,1.2566999060339121,41.88835856725596,-72.55516043605935,799602771#0_0,,,27.78,False,None,None,None,False
478.0,veh0,27.718349550315633,-0.10832002651877914,41.88835973505545,-72.55515040535818,799602771#0-AddedOffRampEdge_1,,,27.78,False,None,None,None,False
479.0,veh0,26.8651044919664,-0.8532450583492341,41.88836062609093,-72.55514275184366,799602771#0-AddedOffRampEdge_1,,,27.78,False,None,None,None,False
480.0,veh0,22.3651044919664,-4.5,41.888361429738545,-72.55513584894378,799602771#0-AddedOffRampEdge_1,,,27.78,False,None,None,None,False
481.0,veh0,18.0291293058656,-4.3359751861008,41.888362189053915,-72.55512931279709,799602771#1_0,,,27.78,False,None,None,None,False
482.0,veh0,14.281416576553195,-3.747712729312404,41.88836271109135,-72.55512475322958,799602771#1_0,,,27.78,False,None,None,None,False
483.0,veh0,9.781416576553195,-4.5,41.888363091976984,-72.55512131669441,799602771#1_0,,,27.78,False,None,None,None,False
484.0,veh0,5.4065209627983775,-4.374895613754817,41.888363332310945,-72.55511914726739,799602771#1_0,,,27.78,False,None,None,None,False
485.0,veh0,0.9065209627983775,-4.5,41.888363429090376,-72.55511823006593,799602771#1_0,,,27.78,False,None,None,None,False
486.0,veh0,0.0,-0.9065209627983775,41.888363439156514,-72.55511813466678,799602771#1_0,,,27.78,False,None,None,None,False
487.0,veh0,0.0,0.0,41.888363439156514,-72.55511813466678,799602771#1_0,,,27.78,False,None,None,None,False
488.0,veh0,0.0,0.0,41.888363439156514,-72.55511813466678,799602771#1_0,,,27.78,False,None,None,None,False
489.0,veh0,0.0,0.0,41.888363439156514,-72.55511813466678,799602771#1_0,,,27.78,False,None,None,None,False
490.0,veh0,0.0,0.0,41.888363439156514,-72.55511813466678,799602771#1_0,,,27.78,False,None,None,None,False
491.0,veh0,0.0,0.0,41.888363439156514,-72.55511813466678,799602771#1_0,,,27.78,False,None,None,None,False
492.0,veh0,0.0,0.0,41.888363439156514,-72.55511813466678,799602771#1_0,,,27.78,False,None,None,None,False
493.0,veh0,0.0,0.0,41.888363439156514,-72.55511813466678,799602771#1_0,,,27.78,False,None,None,None,False
494.0,veh0,0.0,0.0,41.888363439156514,-72.55511813466678,799602771#1_0,,,27.78,False,None,None,None,False
495.0,veh0,2.535752148437314,2.535752148437314,41.88836421268577,-72.55511046890588,657454552#0_0,,,27.78,False,None,None,None,False
496.0,veh0,5.036889941222035,2.501137792784721,41.88836432018963,-72.5551093295342,657454552#0_0,,,27.78,False,None,None,None,False
497.0,veh0,6.885846305591986,1.8489563643699514,41.888364486884946,-72.55510752473829,657454552#0_0,,,27.78,False,None,None,None,False
498.0,veh0,8.300810763216578,1.4149644576245919,41.88836469664508,-72.55510521504966,657454552#0_0,,,27.78,False,None,None,None,False
499.0,veh0,10.700607108534314,2.3997963453177356,41.88836495718978,-72.55510231725486,657454552#0_0,,,27.78,False,None,None,None,False
500.0,veh0,12.08612518873997,1.3855180802056566,41.88836526217094,-72.55509881194327,657454552#0_0,,,27.78,False,None,None,None,False
501.0,veh0,13.632424186705611,1.546298997965641,41.88836560120472,-72.55509483517251,657454552#0_0,,,27.78,False,None,None,None,False
502.0,veh0,16.151342956442384,2.518918769736773,41.88836598881876,-72.5550902103703,657454552#0_0,,,27.78,False,None,None,None,False
503.0,veh0,17.704531097016297,1.553188140573912,41.88836642866319,-72.55508495030034,657454552#0_0,,,27.78,False,None,None,None,False
504.0,veh0,19.335390890575948,1.630859793559651,41.888366914238624,-72.55507921238018,657454552#0_0,,,27.78,False,None,None,None,False
505.0,veh0,21.445215466269296,2.1098245756933487,41.888367457177225,-72.5550729276606,657454552#0_0,,,27.78,False,None,None,None,False
506.0,veh0,19.625678003874974,-1.8195374623943223,41.88836802084887,-72.55506666655938,657454552#0_0,,,27.78,False,None,None,None,False
507.0,veh0,15.923038146775983,-3.7026398570989905,41.888368527335324,-72.55506132598859,657454552#0_0,,,27.78,False,None,None,None,False
508.0,veh0,11.423038146775983,-4.5,41.88836895287909,-72.55505738844282,657454552#0_0,,,27.78,False,None,None,None,False
509.0,veh0,6.923038146775983,-4.5,41.88836927248568,-72.5550549306707,657454552#0_0,,,27.78,False,None,None,None,False
510.0,veh0,2.4230381467759834,-4.5,41.88836944508046,-72.55505373973806,657454552#0_0,,,27.78,False,None,None,None,False
511.0,veh0,0.0,-2.4230381467759834,41.888369476472896,-72.55505353381055,657454552#0_0,,,27.78,False,None,None,None,False
512.0,veh0,0.0,0.0,41.888369476472896,-72.55505353381055,657454552#0_0,,,27.78,False,None,None,None,False
513.0,veh0,0.0,0.0,41.888369476472896,-72.55505353381055,657454552#0_0,,,27.78,False,None,None,None,False
514.0,veh0,0.0,0.0,41.888369476472896,-72.55505353381055,657454552#0_0,,,27.78,False,None,None,None,False
515.0,veh0,0.0,0.0,41.888369476472896,-72.55505353381055,657454552#0_0,,,27.78,False,None,None,None,False
516.0,veh0,0.0,0.0,41.888369476472896,-72.55505353381055,657454552#0_0,,,27.78,False,None,None,None,False
517.0,veh0,0.0,0.0,41.888369476472896,-72.55505353381055,657454552#0_0,,,27.78,False,None,None,None,False
518.0,veh0,0.0,0.0,41.888369476472896,-72.55505353381055,657454552#0_0,,,27.78,False,None,None,None,False
519.0,veh0,0.0,0.0,41.888369476472896,-72.55505353381055,657454552#0_0,,,27.78,False,None,None,None,False
520.0,veh0,0.0,0.0,41.888369476472896,-72.55505353381055,657454552#0_0,,,27.78,False,None,None,None,False
521.0,veh0,0.0,0.0,41.888369476472896,-72.55505353381055,657454552#0_0,,,27.78,False,None,None,None,False
522.0,veh0,0.0,0.0,41.888369476472896,-72.55505353381055,657454552#0_0,,,27.78,False,None,None,None,False
523.0,veh0,0.0,0.0,41.888369476472896,-72.55505353381055,657454552#0_0,,,27.78,False,None,None,None,False
524.0,veh0,0.0,0.0,41.888369476472896,-72.55505353381055,657454552#0_0,,,27.78,False,None,None,None,False
525.0,veh0,0.0,0.0,41.888369476472896,-72.55505353381055,657454552#0_0,,,27.78,False,None,None,None,False
526.0,veh0,0.0,0.0,41.888369476472896,-72.55505353381055,657454552#0_0,,,27.78,False,None,None,None,False
527.0,veh0,0.0,0.0,41.888369476472896,-72.55505353381055,657454552#0_0,,,27.78,False,None,None,None,False
528.0,veh0,0.0,0.0,41.888369476472896,-72.55505353381055,657454552#0_0,,,27.78,False,None,None,None,False
529.0,veh0,1.8880125877913088,1.8880125877913088,41.88836951223105,-72.5550532992449,657454552#0_0,,,27.78,False,None,None,None,False
530.0,veh0,3.330853249994106,1.4428406622027974,41.88837079892557,-72.55504478437419,656588876#1-AddedOffRampEdge_0,,,27.78,False,None,None,None,False
531.0,veh0,5.184458870184607,1.8536056201905011,41.888370985323974,-72.55504391111157,656588876#1-AddedOffRampEdge_0,,,27.78,False,None,None,None,False
532.0,veh0,7.7330357582308356,2.5485768880462283,41.88837127122492,-72.55504261821366,656588876#1-AddedOffRampEdge_0,,,27.78,False,None,None,None,False
533.0,veh0,9.940675626671872,2.2076398684410368,41.888371677202116,-72.55504101099271,656588876#1-AddedOffRampEdge_0,,,27.78,False,None,None,None,False
534.0,veh0,12.129750672727821,2.189075046055949,41.88837220646115,-72.55503928808156,656588876#1-AddedOffRampEdge_0,,,27.78,False,None,None,None,False
535.0,veh0,14.248188994149675,2.118438321421854,41.888372861703154,-72.55503758305814,656588876#1-AddedOffRampEdge_0,,,27.78,False,None,None,None,False
536.0,veh0,16.13576641883701,1.8875774246873362,41.88837363265295,-72.55503593046784,656588876#1-AddedOffRampEdge_0,,,27.78,False,None,None,None,False
537.0,veh0,17.82314852070995,1.687382101872938,41.88837451954243,-72.55503476960645,656588876#1-AddedOffRampEdge_0,,,27.78,False,None,None,None,False
538.0,veh0,19.93238859167323,2.1092400709632813,41.88837580592047,-72.55503474352457,656588876#2_0,,,27.78,False,None,None,None,False
539.0,veh0,21.876466969097972,1.9440783774247414,41.888376900367,-72.55503502769491,656588876#2_0,,,27.78,False,None,None,None,False
540.0,veh0,24.429159372788863,2.552692403690891,41.88837812143543,-72.55503488371754,656588876#2_0,,,27.78,False,None,None,None,False
541.0,veh0,26.74995624953882,2.320796876749956,41.88837947058296,-72.55503459883532,656588876#2_0,,,27.78,False,None,None,None,False
542.0,veh0,28.06815769854047,1.318201449001652,41.888380914586044,-72.55503412751972,656588876#2_0,,,27.78,False,None,None,None,False
543.0,veh0,28.007425979967685,-0.06073171857278581,41.88838238885989,-72.55503333499563,656588876#2_0,,,27.78,False,None,None,None,False
544.0,veh0,28.039705015998788,0.03227903603110249,41.88838385943889,-72.55503232221741,656588876#2_0,,,27.78,False,None,None,None,False
545.0,veh0,27.071377864806436,-0.9683271511923515,41.88838575396729,-72.55503114546353,569674710#0_1,,,27.78,False,None,None,None,False
546.0,veh0,27.066202829592385,-0.005175035214051604,41.88838717683121,-72.55502953370785,569674710#0_1,,,27.78,False,None,None,None,False
547.0,veh0,27.857705479323876,0.7915026497314912,41.88838861188357,-72.55502758550463,569674710#0_1,,,27.78,False,None,None,None,False
548.0,veh0,23.357705479323876,-4.5,41.888389944059384,-72.55502557686934,569674710#0_1,,,27.78,False,None,None,None,False
549.0,veh0,18.857705479323876,-4.5,41.88839103706861,-72.55502377363635,569674710#0_1,,,27.78,False,None,None,None,False
550.0,veh0,14.55454993900697,-4.303155540316906,41.888391902385514,-72.55502235286981,569674710#0_1,,,27.78,False,None,None,None,False
551.0,veh0,10.05454993900697,-4.5,41.88839253844165,-72.55502127152971,569674710#0_1,,,27.78,False,None,None,None,False
552.0,veh0,5.55454993900697,-4.5,41.888392940844525,-72.55502055824492,569674710#0_1,,,27.78,False,None,None,None,False
553.0,veh0,7.011212987483882,1.456663048476912,41.888393386919645,-72.55501796058348,945654784_1,,,27.78,False,None,None,None,False
554.0,veh0,8.928911989609182,1.9176990021252998,41.88839379123882,-72.55501718249955,945654784_1,,,27.78,False,None,None,None,False
555.0,veh0,11.468905468316219,2.5399934787070375,41.88839430862678,-72.55501618682268,945654784_1,,,27.78,False,None,None,None,False
556.0,veh0,13.888571910730965,2.419666442414746,41.888394951815854,-72.55501494905036,945654784_1,,,27.78,False,None,None,None,False
557.0,veh0,16.482043790103337,2.5934718793723714,41.88839572216253,-72.55501346657215,945654784_1,,,27.78,False,None,None,None,False
558.0,veh0,18.155033219357424,1.6729894292540877,41.888396600727425,-72.55501177583554,945654784_1,,,27.78,False,None,None,None,False
559.0,veh0,20.635811534415403,2.4807783150579787,41.88839837590437,-72.55501014353818,946653586#0_1,,,27.78,False,None,None,None,False
560.0,veh0,21.097264672064572,0.46145313764916907,41.8883994346166,-72.555008107486,946653586#0_1,,,27.78,False,None,None,None,False
561.0,veh0,16.906140459786645,-4.191124212277927,41.88840039871207,-72.55500625339513,946653586#0_1,,,27.78,False,None,None,None,False
562.0,veh0,12.694193644131351,-4.211946815655294,41.88840114963289,-72.55500480926904,946653586#0_1,,,27.78,False,None,None,None,False
563.0,veh0,9.590763113271391,-3.10343053085996,41.888401714990344,-72.55500372247053,946653586#0_1,,,27.78,False,None,None,None,False
564.0,veh0,5.4086940169878,-4.182069096283591,41.88840209552221,-72.55500299106171,946653586#0_1,,,27.78,False,None,None,None,False
565.0,veh0,0.9086940169878002,-4.5,41.88840225576216,-72.55500268228757,946653586#0_1,,,27.78,False,None,None,None,False
566.0,veh0,0.11180122914002784,-0.7968927878477723,41.888402281646925,-72.55500263240896,946653586#0_1,,,27.78,False,None,None,None,False
567.0,veh0,0.0,-0.11180122914002784,41.888402283998815,-72.555002627877,946653586#0_1,,,27.78,False,None,None,None,False
568.0,veh0,0.0,0.0,41.888402283998815,-72.555002627877,946653586#0_1,,,27.78,False,None,None,None,False
569.0,veh0,0.0,0.0,41.888402283998815,-72.555002627877,946653586#0_1,,,27.78,False,None,None,None,False
570.0,veh0,0.0,0.0,41.888402283998815,-72.555002627877,946653586#0_1,,,27.78,False,None,None,None,False
571.0,veh0,0.0,0.0,41.888402283998815,-72.555002627877,946653586#0_1,,,27.78,False,None,None,None,False
572.0,veh0,0.0,0.0,41.888402283998815,-72.555002627877,946653586#0_1,,,27.78,False,None,None,None,False
573.0,veh0,0.0,0.0,41.888402283998815,-72.555002627877,946653586#0_1,,,27.78,False,None,None,None,False
574.0,veh0,0.0,0.0,41.888402283998815,-72.555002627877,946653586#0_1,,,27.78,False,None,None,None,False
575.0,veh0,0.0,0.0,41.888402283998815,-72.555002627877,946653586#0_1,,,27.78,False,None,None,None,False
576.0,veh0,0.0,0.0,41.888402283998815,-72.555002627877,946653586#0_1,,,27.78,False,None,None,None,False
577.0,veh0,1.483053390774876,1.483053390774876,41.888402321616326,-72.55500255538999,946653586#0_1,,,27.78,False,None,None,None,False
578.0,veh0,3.3796700421720747,1.8966166513971987,41.888403084337995,-72.55500927496162,845507666#1_0,,,13.89,False,None,None,None,False
579.0,veh0,5.387248151330278,2.007578109158203,41.88840314801366,-72.5550107795951,845507666#1_0,,,13.89,False,None,None,None,False
580.0,veh0,7.120106741832569,1.7328585905022917,41.88840323882625,-72.55501292639198,845507666#1_0,,,13.89,False,None,None,None,False
581.0,veh0,8.504991211136804,1.384884469304235,41.888403352275944,-72.55501560832688,845507666#1_0,,,13.89,False,None,None,None,False
582.0,veh0,10.864470436330885,2.3594792251940806,41.888403492912474,-72.5550189329547,845507666#1_0,,,13.89,False,None,None,None,False
583.0,veh0,13.028579104645178,2.1641086683142934,41.888403664746775,-72.55502302639617,845507666#1_0,,,13.89,False,None,None,None,False
584.0,veh0,12.841965404211306,-0.18661370043387215,41.88840377362241,-72.5550275680736,845507666#1_0,,,13.89,False,None,None,None,False
585.0,veh0,13.299064234143817,0.4570988299325105,41.88840375438831,-72.55503219196375,845507666#1_0,,,13.89,False,None,None,None,False
586.0,veh0,13.343813519634068,0.04474928549025137,41.88840366898643,-72.5550369135621,845507666#1_0,,,13.89,False,None,None,None,False
587.0,veh0,13.95780882987915,0.6139953102450821,41.888403483769466,-72.55504684472803,845507666#3_0,,,13.89,False,None,None,None,False
588.0,veh0,13.287055245146849,-0.6707535847323012,41.88840338863888,-72.55505166554619,845507666#3_0,,,13.89,False,None,None,None,False
589.0,veh0,13.083758150169388,-0.2032970949774615,41.88840331227044,-72.5550563459128,845507666#3_0,,,13.89,False,None,None,None,False
590.0,veh0,13.995095703203924,0.9113375530345369,41.888403217719514,-72.55506113735643,845507666#3_0,,,13.89,False,None,None,None,False
591.0,veh0,12.930276044609718,-1.0648196585942067,41.88840312370449,-72.55506590164231,845507666#3_0,,,13.89,False,None,None,None,False
592.0,veh0,13.150825364527055,0.22054931991733717,41.888403032637406,-72.55507051653952,845507666#3_0,,,13.89,False,None,None,None,False
593.0,veh0,13.902244214795292,0.7514188502682373,41.888402938176505,-72.55507530342078,845507666#3_0,,,13.89,False,None,None,None,False
594.0,veh0,12.8705926818659,-1.0316515329293914,41.88840336433611,-72.55508089483472,17185599#0_0,,,13.89,False,None,None,None,False
595.0,veh0,13.170784036640772,0.3001913547748707,41.88840404578266,-72.55508147338112,17185599#0_0,,,13.89,False,None,None,None,False
596.0,veh0,13.2080731443481,0.03728910770732874,41.88840473606034,-72.55508205942515,17185599#0_0,,,13.89,False,None,None,None,False
597.0,veh0,13.509519916412183,0.3014467720640823,41.888405435202,-72.55508265299467,17185599#0_0,,,13.89,False,None,None,None,False
598.0,veh0,12.827820405725152,-0.6816995106870305,41.88840612439328,-72.55508323811632,17185599#0_0,,,13.89,False,None,None,None,False
599.0,veh0,13.762089847948165,0.9342694422230124,41.888406820193765,-72.55508382884919,17185599#0_0,,,13.89,False,None,None,None,False
600.0,veh0,13.425376307161287,-0.336713540786878,41.888407531630996,-72.55508443285763,17185599#0_0,,,13.89,False,None,None,None,False
601.0,veh0,13.923324937711232,0.49794863054994565,41.88840821344043,-72.55508592417516,17185599#0_0,,,13.89,False,None,None,None,False
602.0,veh0,13.265582167741604,-0.6577427699696283,41.88840881331748,-72.55508833145296,17185599#0_0,,,13.89,False,None,None,None,False
603.0,veh0,13.001157174736955,-0.26442499300464917,41.888409246326106,-72.5550919918197,17185599#0_0,,,13.89,False,None,None,None,False
604.0,veh0,12.963461246562884,-0.0376959281740703,41.88840956554625,-72.55509594797441,17185599#0_0,,,13.89,False,None,None,None,False
605.0,veh0,13.231272251403652,0.2678110048407678,41.888409692591694,-72.5551005447511,17185599#0_0,,,13.89,False,None,None,None,False
606.0,veh0,12.91534290051809,-0.31592935088556295,41.88840965122313,-72.55510513937642,17185599#0_0,,,13.89,False,None,None,None,False
607.0,veh0,13.401019068656252,0.4856761681381627,41.888409531136666,-72.55510976676585,17185599#0_0,,,13.89,False,None,None,None,False
608.0,veh0,13.567236549419112,0.16621748076286025,41.88840928522061,-72.55511964570816,17185599#1_0,,,13.89,False,None,None,None,False
609.0,veh0,13.690460944862798,0.12322439544368535,41.888409169332235,-72.5551244483308,17185599#1_0,,,13.89,False,None,None,None,False
610.0,veh0,13.194099082180992,-0.4963618626818054,41.88840905503029,-72.55512918520914,17185599#1_0,,,13.89,False,None,None,None,False
611.0,veh0,13.44811037055938,0.25401128837838804,41.88840894175871,-72.55513387938693,17185599#1_0,,,13.89,False,None,None,None,False
612.0,veh0,12.962625885626995,-0.4854844849323854,41.88840882947127,-72.55513853278072,17185599#1_0,,,13.89,False,None,None,None,False
613.0,veh0,13.110889692430147,0.14826380680315232,41.88840871861754,-72.55514312675848,17185599#1_0,,,13.89,False,None,None,None,False
614.0,veh0,13.00502440271689,-0.10586528971325748,41.88840860758356,-72.55514772820658,17185599#1_0,,,13.89,False,None,None,None,False
615.0,veh0,13.93851444436027,0.9334900416433811,41.88840849303086,-72.55515247547659,17185599#1_0,,,13.89,False,None,None,None,False
616.0,veh0,13.284711317916162,-0.6538031264441084,41.88840758695001,-72.55515743711011,-17185558_0,,,13.89,False,None,None,None,False
617.0,veh0,11.042693237920075,-2.242018079996088,41.88840695420937,-72.55515672052941,-17185558_0,,,13.89,False,None,None,None,False
618.0,veh0,7.215450180258137,-3.8272430576619376,41.88840648251195,-72.55515613218584,-17185558_0,,,13.89,False,None,None,None,False
619.0,veh0,2.715450180258137,-4.5,41.88840627258804,-72.5551550722457,-17185558_0,,,13.89,False,None,None,None,False
620.0,veh0,4.906993901526091,2.191543721267954,41.88840594778632,-72.55514990071838,-1208890840#0_0,,,13.89,False,None,None,None,False
621.0,veh0,7.152755323500839,2.2457614219747484,41.88840572769863,-72.55514844921586,-1208890840#0_0,,,13.89,False,None,None,None,False
