Vehicle_ID,Risk_Score
motorcycle0,2.538961038961039
motorcycle1,2.5065789473684212
motorcycle10,2.5059880239520957
motorcycle100,2.4508196721311477
motorcycle101,2.5
motorcycle102,2.6186440677966103
motorcycle103,2.774647887323944
motorcycle104,2.5697674418604652
motorcycle105,3.125
motorcycle106,2.517543859649123
motorcycle107,2.4365079365079363
motorcycle108,2.670731707317073
motorcycle109,3.029850746268657
motorcycle11,2.5
motorcycle110,2.764367816091954
motorcycle111,2.5
motorcycle112,2.6304347826086953
motorcycle113,2.395705521472393
motorcycle114,2.632530120481928
motorcycle115,2.808695652173913
motorcycle116,2.516949152542373
motorcycle117,2.696850393700787
motorcycle118,2.8478260869565215
motorcycle119,2.9924242424242427
motorcycle12,2.5508474576271185
motorcycle120,2.6228070175438596
motorcycle121,2.4428571428571426
motorcycle122,2.7586206896551726
motorcycle123,2.392857142857143
motorcycle124,3.111940298507463
motorcycle125,2.5909090909090913
motorcycle126,2.445945945945946
motorcycle127,2.5
motorcycle128,2.884615384615385
motorcycle129,2.3823529411764706
motorcycle13,2.5693069306930694
motorcycle130,2.8230769230769233
motorcycle131,2.6803278688524586
motorcycle132,2.780701754385965
motorcycle133,2.769230769230769
motorcycle134,2.4545454545454546
motorcycle135,2.5285714285714285
motorcycle136,2.532258064516129
motorcycle137,2.537037037037037
motorcycle138,2.409090909090909
motorcycle139,2.7222222222222223
motorcycle14,2.719512195121951
motorcycle140,2.642857142857143
motorcycle141,2.5
motorcycle142,3.5
motorcycle15,2.9250000000000003
motorcycle16,2.6785714285714284
motorcycle17,2.6875
motorcycle18,2.537974683544304
motorcycle19,2.5133333333333336
motorcycle2,2.7115384615384617
motorcycle20,2.4647058823529413
motorcycle21,2.3549382716049383
motorcycle22,2.5751879699248117
motorcycle23,2.490990990990991
motorcycle24,3.2049180327868854
motorcycle25,2.9310344827586206
motorcycle26,2.664179104477612
motorcycle27,2.516597510373444
motorcycle28,2.695402298850575
motorcycle29,2.6944444444444446
motorcycle3,2.5162337662337664
motorcycle30,2.5238095238095237
motorcycle31,2.4482758620689653
motorcycle32,2.964788732394366
motorcycle33,2.5769230769230766
motorcycle34,2.8693693693693696
motorcycle35,2.374233128834356
motorcycle36,2.5859872611464967
motorcycle37,2.5638297872340425
motorcycle38,2.3139534883720927
motorcycle39,2.4491525423728815
motorcycle4,2.5597014925373136
motorcycle40,2.58203125
motorcycle41,2.716867469879518
motorcycle42,2.847826086956522
motorcycle43,2.5545454545454542
motorcycle44,2.5759999999999996
motorcycle45,3.1739130434782608
motorcycle46,2.364
motorcycle47,3.172248803827751
motorcycle48,2.5309278350515463
motorcycle49,2.6884057971014492
motorcycle5,2.632716049382716
motorcycle50,2.4318181818181817
motorcycle51,2.5201342281879198
motorcycle52,2.6404958677685952
motorcycle53,2.75
motorcycle54,2.4682539682539684
motorcycle55,2.4523809523809526
motorcycle56,2.453846153846154
motorcycle57,2.3913043478260865
motorcycle58,2.4857142857142858
motorcycle59,2.513888888888889
motorcycle6,2.603448275862069
motorcycle60,2.607438016528926
motorcycle61,2.55
motorcycle63,2.4719626168224296
motorcycle64,2.5357142857142856
motorcycle65,2.5246913580246915
motorcycle66,2.6060606060606064
motorcycle67,2.931818181818182
motorcycle68,2.642857142857143
motorcycle69,2.5
motorcycle7,2.597560975609756
motorcycle70,2.595890410958904
motorcycle71,2.4375
motorcycle72,2.5757575757575757
motorcycle73,2.6578947368421053
motorcycle74,2.487012987012987
motorcycle75,2.5485436893203883
motorcycle76,2.4387755102040813
motorcycle77,2.4166666666666665
motorcycle78,2.5358974358974358
motorcycle79,2.757142857142857
motorcycle8,2.3867924528301887
motorcycle80,2.875
motorcycle81,2.584507042253521
motorcycle82,2.9019607843137254
motorcycle83,2.46
motorcycle84,3.7399999999999998
motorcycle85,2.795698924731183
motorcycle86,3.2202797202797204
motorcycle87,2.581081081081081
motorcycle88,2.357142857142857
motorcycle89,2.661290322580645
motorcycle9,2.3560000000000003
motorcycle90,2.600806451612903
motorcycle91,2.4411764705882355
motorcycle92,2.5448979591836736
motorcycle93,2.6604278074866308
motorcycle94,2.6859296482412063
motorcycle95,3.293103448275862
motorcycle96,2.407563025210084
motorcycle97,2.4367088607594938
motorcycle98,2.7640000000000002
motorcycle99,2.5495495495495497
truck0,2.563567362428843
truck1,2.803713527851459
truck10,2.732384823848238
truck100,3.035042735042735
truck101,2.951114922813036
truck102,2.8496563573883162
truck103,2.9715517241379312
truck104,2.566147859922179
truck105,3.012998266897747
truck106,2.7913043478260873
truck107,3.0095986038394416
truck108,3.1068301225919437
truck109,3.18859649122807
truck11,2.9043419267299866
truck110,2.640845070422535
truck111,3.070671378091873
truck112,3.101769911504425
truck113,2.997335701598579
truck114,3.2335115864527633
truck115,3.1475849731663685
truck116,2.662186379928315
truck117,2.9810495626822155
truck118,3.1272563176895307
truck119,2.9819168173598554
truck12,2.525
truck120,2.9410163339382938
truck121,2.505361930294906
truck122,2.570255474452555
truck123,2.836996336996337
truck124,2.6580882352941178
truck125,2.5956072351421184
truck126,2.5037174721189595
truck127,3.0454545454545454
truck128,3.0
truck129,2.8684701492537314
truck13,2.9583901773533423
truck130,2.605263157894737
truck131,2.913533834586466
truck132,2.7
truck133,3.2771428571428567
truck134,3.1451612903225805
truck135,3.124761904761905
truck136,2.949596774193549
truck137,2.9080459770114944
truck138,2.833653846153846
truck139,2.829479768786127
truck14,2.5847784200385355
truck140,2.9177949709864603
truck141,2.714285714285714
truck142,2.8235867446393765
truck143,3.138671875
truck144,2.5382352941176474
truck145,3.1948818897637796
truck146,2.864161849710982
truck147,2.5567765567765566
truck148,3.0447316103379722
truck149,3.022954091816367
truck15,2.632876712328767
truck150,3.0069999999999997
truck151,2.716867469879518
truck152,2.517316017316017
truck153,2.5808080808080804
truck154,2.484
truck155,2.769857433808554
truck156,3.1918367346938776
truck157,2.9313524590163933
truck158,3.2016460905349797
truck159,2.96900826446281
truck16,2.9031593406593403
truck160,3.0041407867494825
truck161,3.154885654885655
truck162,2.5626304801670146
truck163,3.01255230125523
truck164,3.1638655462184877
truck165,2.918848167539267
truck166,2.485200845665962
truck167,2.7972399150743104
truck168,2.7966666666666664
truck169,2.850107066381156
truck17,2.447089947089947
truck170,2.978540772532189
truck171,2.9428879310344827
truck172,2.7763157894736845
truck173,3.0694143167028196
truck174,2.9662309368191724
truck175,2.6930091185410334
truck176,3.0318681318681318
truck177,2.797356828193833
truck178,2.601769911504425
truck179,3.08
truck18,2.4952380952380953
truck180,2.784848484848485
truck181,2.7460850111856825
truck182,3.1292134831460676
truck183,2.9256756756756754
truck184,3.0599547511312215
truck185,3.1545454545454548
truck186,3.2853881278538815
truck187,3.076659038901602
truck188,2.6988505747126434
truck189,2.9572748267898383
truck19,2.7738589211618256
truck190,2.6685393258426964
truck191,2.839080459770115
truck192,2.621779859484777
truck193,2.5705128205128207
truck194,3.0690476190476192
truck195,3.0555555555555554
truck196,2.6520190023752965
truck197,2.571428571428571
truck198,3.1172248803827753
truck199,2.9146634615384617
truck2,2.9720744680851063
truck20,3.1074895977808596
truck200,2.5156626506024096
truck201,3.164648910411622
truck202,2.830612244897959
truck203,3.125916870415648
truck204,2.5765027322404372
truck205,2.901477832512315
truck206,3.2252475247524752
truck207,3.3535980148883375
truck208,3.1932668329177054
truck209,2.963659147869674
truck21,2.6270833333333337
truck210,3.135678391959799
truck211,2.6590909090909096
truck212,2.883248730964467
truck213,2.979591836734694
truck214,3.0984654731457795
truck215,2.7313624678663238
truck216,2.928940568475452
truck217,3.0
truck218,3.049479166666666
truck219,2.8193717277486914
truck22,2.3852459016393444
truck220,2.913157894736842
truck221,2.711081794195251
truck222,3.5
truck223,2.8840000000000003
truck224,2.866310160427807
truck225,3.0295698924731185
truck226,3.2216216216216216
truck227,2.5406504065040645
truck228,2.6430517711171664
truck229,2.791780821917808
truck23,2.7905027932960893
truck230,2.7548209366391183
truck231,2.798342541436464
truck232,2.997695852534562
truck233,2.935754189944134
truck234,3.019607843137255
truck235,3.0126760563380284
truck236,2.696883852691218
truck237,2.9102564102564106
truck238,3.225714285714286
truck239,2.594827586206896
truck24,3.006993006993007
truck240,2.8294797687861273
truck241,3.152892561983471
truck242,2.9023323615160352
truck243,2.724340175953079
truck244,3.2867647058823533
truck245,3.28698224852071
truck246,2.7291666666666674
truck247,3.2027027027027026
truck248,3.0705705705705704
truck249,2.6903323262839884
truck25,3.0743338008415146
truck250,2.712765957446809
truck251,2.838414634146342
truck252,2.6165644171779143
truck253,2.6697530864197527
truck254,2.501552795031056
truck255,2.655763239875389
truck256,2.853846153846154
truck257,3.022082018927445
truck258,2.8259493670886076
truck259,3.1910828025477707
truck26,3.0513361462728557
truck260,2.717948717948718
truck261,2.6254019292604505
truck262,3.0113268608414234
truck263,3.0602605863192185
truck264,2.898360655737705
truck265,3.259868421052632
truck266,2.8013245033112586
truck267,2.6622340425531914
truck268,3.175585284280937
truck269,2.5942760942760943
truck27,2.9146685472496476
truck270,3.0745762711864413
truck271,2.527210884353741
truck272,2.863013698630137
truck273,2.9051724137931028
truck274,3.1041666666666665
truck275,2.939024390243903
truck276,2.9771929824561405
truck277,2.595406360424028
truck278,2.9219858156028367
truck279,2.8571428571428577
truck28,2.6454802259887007
truck280,2.778481012658228
truck281,2.4057971014492754
truck282,2.5836363636363635
truck283,2.9725274725274726
truck284,2.6976744186046515
truck285,3.0740740740740735
truck286,3.0632183908045976
truck287,3.2330827067669174
truck288,2.516981132075472
truck289,3.197718631178707
truck29,3.140657084188912
truck290,3.203065134099617
truck291,2.66988416988417
truck292,3.3565891472868215
truck293,2.84765625
truck294,3.031496062992126
truck295,2.5711462450592886
truck296,3.400398406374502
truck297,2.6325301204819276
truck298,2.5890688259109313
truck299,2.6533333333333333
truck3,2.936
truck30,2.916903409090909
truck300,3.0491803278688527
truck301,2.8884297520661155
truck302,2.595435684647303
truck303,2.7175732217573225
truck304,3.0443037974683547
truck305,2.7711864406779663
truck306,2.6999999999999997
truck307,2.5517241379310343
truck308,2.8130434782608695
truck309,3.0174672489082965
truck31,2.9850640113798006
truck310,2.6894273127753303
truck311,2.6644444444444444
truck312,2.6919642857142856
truck313,2.6891891891891895
truck314,3.259090909090909
truck315,2.53125
truck316,2.827188940092166
truck317,2.6046511627906983
truck318,3.1084905660377355
truck319,2.4669811320754715
truck32,2.7118380062305296
truck320,2.8857142857142857
truck321,2.6249999999999996
truck322,2.693236714975846
truck323,3.5682926829268293
truck324,2.5049261083743843
truck325,2.584577114427861
truck326,3.02
truck327,2.4898989898989896
truck328,2.7964071856287425
truck329,2.7153846153846155
truck33,2.7269789983844914
truck330,2.733160621761658
truck331,2.7853403141361257
truck332,2.805263157894737
truck333,2.5585106382978724
truck334,3.021505376344086
truck335,2.654891304347826
truck336,2.8551912568306013
truck337,3.2458563535911606
truck338,2.583798882681564
truck339,2.657303370786517
truck34,2.7879656160458453
truck340,3.1448863636363638
truck341,2.8735632183908044
truck342,3.0
truck343,2.757309941520468
truck344,2.4881656804733723
truck345,3.0119760479041915
truck346,2.632530120481928
truck347,2.926829268292683
truck348,3.0462962962962963
truck349,2.543478260869565
truck35,2.743534482758621
truck350,2.679245283018868
truck351,3.436305732484076
truck352,2.596774193548387
truck353,2.75974025974026
truck354,2.6875
truck355,2.78
truck356,2.62751677852349
truck357,2.6700680272108843
truck358,2.5068965517241377
truck359,3.1223776223776225
truck36,2.7451499118165787
truck360,2.584507042253521
truck361,2.7714285714285714
truck362,2.681159420289855
truck363,2.3357664233576645
truck364,2.7592592592592595
truck365,2.793233082706767
truck366,3.1363636363636362
truck367,2.8807692307692307
truck368,3.109375
truck369,2.619047619047619
truck37,3.3800578034682083
truck370,2.5
truck371,3.1382113821138216
truck372,2.628099173553719
truck373,2.766666666666667
truck374,2.788135593220339
truck375,3.1767241379310343
truck376,2.4739130434782606
truck377,2.685840707964602
truck378,2.4009009009009006
truck379,2.5275229357798166
truck38,3.06150506512301
truck380,2.5972222222222223
truck381,3.4056603773584904
truck382,3.153846153846154
truck383,2.529126213592233
truck384,2.8267326732673266
truck385,2.54040404040404
truck386,2.5463917525773194
truck387,2.3958333333333335
truck388,2.547872340425532
truck389,2.880434782608696
truck39,2.6942857142857144
truck390,3.203296703296703
truck391,2.668539325842697
truck392,2.6091954022988504
truck393,2.8488372093023253
truck394,2.5595238095238093
truck395,2.597560975609756
truck396,2.525
truck397,2.2848101265822782
truck398,2.2857142857142856
truck399,2.3
truck4,2.863560732113145
truck40,3.106259097525473
truck400,2.7972972972972974
truck401,2.4166666666666665
truck402,3.157142857142857
truck403,2.8970588235294117
truck404,2.4850746268656714
truck405,2.7
truck406,2.611111111111111
truck407,2.758064516129032
truck408,3.2333333333333334
truck409,2.8793103448275863
truck41,2.56145251396648
truck410,2.3771929824561404
truck411,2.4090909090909087
truck412,2.858490566037736
truck413,2.3627450980392157
truck414,3.22
truck415,2.5
truck416,2.8043478260869565
truck417,2.611111111111111
truck418,3.0813953488372094
truck419,2.6219512195121952
truck42,3.089181286549708
truck420,2.628205128205128
truck421,2.4714285714285715
truck422,2.611111111111111
truck423,2.8529411764705883
truck424,2.6515151515151514
truck425,2.338709677419355
truck426,3.155172413793103
truck427,3.0
truck428,2.730769230769231
truck429,3.5
truck43,2.5869565217391304
truck430,2.954545454545454
truck431,2.261904761904762
truck432,2.7631578947368425
truck433,2.5588235294117645
truck434,2.75
truck436,2.5
truck437,2.590909090909091
truck438,2.611111111111111
truck439,2.928571428571429
truck44,3.039705882352941
truck440,1.9
truck441,3.5
truck442,1.5
truck45,2.4493670886075947
truck46,2.831610044313146
truck47,2.9903703703703703
truck48,2.7351632047477747
truck49,2.7085106382978723
truck5,2.4720873786407767
truck50,2.497777777777778
truck51,3.151718983557549
truck52,2.706611570247934
truck53,2.7788461538461537
truck54,2.665912518853695
truck55,2.599737532808399
truck56,2.4554455445544554
truck57,2.8890577507598785
truck58,3.225266362252664
truck59,3.088549618320611
truck6,2.6892617449664433
truck60,3.128637059724349
truck61,2.9317484662576687
truck62,3.2092307692307696
truck63,3.0879629629629624
truck64,2.893229166666667
truck65,2.699004975124378
truck66,2.9558359621451107
truck67,2.4752475247524757
truck68,3.1390624999999996
truck69,2.661111111111111
truck7,2.928763440860215
truck70,2.627906976744186
truck71,3.339905362776025
truck72,2.8579676674364896
truck73,2.7003284072249585
truck74,2.505813953488372
truck75,3.1679936305732483
truck76,2.920127795527157
truck77,2.963141025641026
truck78,2.751937984496124
truck79,2.804347826086957
truck8,2.476190476190476
truck80,2.6066235864297256
truck81,2.715559157212317
truck82,2.8254113345521024
truck83,2.7866449511400653
truck84,2.8427947598253276
truck85,3.0842880523731586
truck86,2.799671592775041
truck87,2.626853377265239
truck88,2.928571428571429
truck89,2.8096026490066226
truck9,2.862162162162162
truck90,2.6353820598006643
truck91,2.527027027027027
truck92,2.7813021702838068
truck93,2.825795644891122
truck94,2.6546218487394957
truck95,2.6574074074074074
truck96,2.7685810810810807
truck97,3.299043062200957
truck98,3.057823129251701
truck99,3.218057921635434
veh0,2.7929936305732483
veh1,2.88752052545156
veh10,2.6031746031746033
veh100,2.895890410958904
veh1000,2.6871227364185106
veh1001,2.9034205231388333
veh1002,2.9235412474849096
veh1003,3.2036290322580645
veh1004,2.620805369127517
veh1005,2.5927419354838706
veh1006,3.1874999999999996
veh1007,2.7287449392712553
veh1008,3.0636363636363635
veh1009,3.2111111111111112
veh101,2.6612903225806455
veh1010,2.4999999999999996
veh1011,2.9726720647773277
veh1012,2.400662251655629
veh1013,3.1527777777777777
veh1014,3.1123481781376516
veh1015,2.997971602434077
veh1016,3.178498985801217
veh1017,2.710431654676259
veh1018,2.810344827586207
veh1019,3.1910569105691056
veh102,2.964334705075446
veh1020,2.9176829268292686
veh1021,3.176829268292683
veh1022,2.6178861788617884
veh1023,2.7162162162162162
veh1024,2.765784114052953
veh1025,2.875763747454175
veh1026,2.6620111731843576
veh1027,3.228571428571428
veh1028,2.5581632653061224
veh1029,3.0428571428571427
veh103,2.7640603566529496
veh1030,3.131901840490798
veh1031,2.8783231083844583
veh1032,2.8844580777096116
veh1033,3.052147239263803
veh1034,2.7110655737704916
veh1035,2.7530737704918034
veh1036,3.0942307692307693
veh1037,2.5614754098360657
veh1038,2.959958932238193
veh1039,2.8901437371663246
veh104,3.097393689986282
veh1040,2.210227272727273
veh1041,2.5328542094455857
veh1042,3.137860082304527
veh1043,2.786008230452675
veh1044,2.7772511848341233
veh1045,2.6584362139917697
veh1046,2.788659793814433
veh1047,2.631958762886598
veh1048,2.8670103092783505
veh1049,2.637113402061856
veh105,2.9471153846153846
veh1050,2.637396694214876
veh1051,2.504065040650406
veh1052,2.5320247933884295
veh1053,2.8863636363636362
veh1054,3.1405228758169934
veh1055,3.216356107660455
veh1056,2.8561076604554865
veh1057,2.559431524547804
veh1058,2.8682572614107884
veh1059,2.5562500000000004
veh106,2.938186813186813
veh1060,2.546777546777547
veh1061,2.5686070686070686
veh1062,2.766112266112266
veh1063,2.841995841995842
veh1064,2.996881496881497
veh1065,3.1020833333333333
veh1066,2.714583333333333
veh1067,2.680769230769231
veh1068,3.09375
veh1069,3.147181628392484
veh107,3.05861581920904
veh1070,2.748434237995825
veh1071,2.8173277661795404
veh1072,3.3110647181628394
veh1073,3.0
veh1074,2.8650627615062763
veh1075,3.1548117154811717
veh1076,2.5543933054393304
veh1077,3.0510204081632653
veh1078,2.9287211740041927
veh1079,3.0366876310272537
veh108,2.7905219780219777
veh1080,2.951923076923077
veh1081,2.6589147286821704
veh1082,2.6827731092436977
veh1083,2.980392156862745
veh1084,2.8183391003460208
veh1085,2.9794520547945202
veh1086,2.9494736842105262
veh1087,3.1442105263157893
veh1088,3.241561181434599
veh1089,2.6962025316455698
veh109,2.5601659751037342
veh1090,2.7774261603375523
veh1091,3.354430379746835
veh1092,2.965116279069767
veh1093,3.142706131078224
veh1094,3.0568669527896994
veh1095,2.4383561643835616
veh1096,3.121822033898305
veh1097,2.6285211267605635
veh1098,3.103813559322034
veh1099,2.758241758241758
veh11,2.9721115537848606
veh110,2.88905325443787
veh1100,3.2736720554272516
veh1101,2.832271762208068
veh1102,3.114649681528662
veh1103,3.130573248407643
veh1104,2.8031914893617023
veh1105,2.951063829787234
veh1106,2.7340425531914896
veh1107,2.7574468085106387
veh1108,2.9605543710021323
veh1109,2.7284768211920527
veh111,2.589347079037801
veh1110,3.1417910447761197
veh1111,2.805970149253731
veh1112,3.1356837606837606
veh1114,2.774193548387097
veh1115,2.6474358974358974
veh1116,2.8383297644539613
veh1117,3.066666666666667
veh1118,2.5244755244755246
veh1119,3.0021459227467813
veh112,2.6024759284731775
veh1120,2.665816326530612
veh1121,3.0536480686695278
veh1122,3.1974248927038627
veh1123,3.3817204301075265
veh1124,3.0311827956989243
veh1125,3.2548387096774194
veh1126,3.1118279569892473
veh1127,2.7359913793103448
veh1128,2.657088122605364
veh1129,3.1357758620689653
veh113,2.8236914600550964
veh1130,3.0409482758620694
veh1131,2.9557235421166306
veh1132,2.903887688984881
veh1133,3.4319654427645787
veh1134,2.8855291576673867
veh1135,3.3160173160173154
veh1136,2.3914141414141414
veh1137,2.7987012987012987
veh1138,2.8484848484848486
veh1139,2.7462039045553146
veh114,2.755714285714286
veh1140,3.198481561822126
veh1141,3.0531453362255965
veh1142,2.7516268980477223
veh1143,2.767391304347826
veh1144,2.6804347826086956
veh1145,3.416304347826087
veh1146,2.808278867102396
veh1147,3.2930283224400876
veh1148,3.238562091503268
veh1149,2.681917211328976
veh115,2.8535353535353534
veh1150,2.8122270742358078
veh1151,2.99235807860262
veh1152,3.1572052401746724
veh1153,2.8231441048034935
veh1154,3.3052516411378554
veh1155,3.0120350109409193
veh1156,2.8019693654266957
veh1157,3.2264770240700216
veh1158,2.5094043887147333
veh1159,2.607456140350877
veh116,2.7438016528925617
veh1160,2.8717105263157894
veh1161,2.848557692307692
veh1162,2.967032967032967
veh1163,3.054945054945055
veh1164,3.146153846153846
veh1165,2.8089171974522293
veh1166,3.176211453744493
veh1167,2.795402298850575
veh1168,2.9174008810572682
veh1169,3.129955947136563
veh117,3.0
veh1170,2.54
veh1171,3.0651214128035313
veh1172,3.2604856512141276
veh1173,2.9856512141280356
veh1174,2.6532258064516125
veh1175,3.086283185840708
veh1176,2.891592920353982
veh1177,2.6818181818181817
veh1178,2.8325942350332594
veh1179,2.873614190687362
veh118,2.4498069498069497
veh1180,3.1341463414634148
veh1181,2.88
veh1182,2.921111111111111
veh1183,2.6511111111111116
veh1184,2.84
veh1185,3.1002227171492205
veh1186,3.1544811320754715
veh1187,3.1146993318485525
veh1188,3.16369710467706
veh1189,2.8504464285714284
veh119,2.768566493955095
veh1190,2.8342105263157893
veh1191,2.9497767857142856
veh1192,3.03125
veh1193,3.0548098434004474
veh1194,2.5805369127516777
veh1195,2.684563758389262
veh1196,3.3165548098434003
veh1197,2.632286995515695
veh1198,2.915143603133159
veh1199,2.964125560538117
veh12,3.137632978723404
veh120,3.075862068965517
veh1200,3.031390134529148
veh1201,2.8741573033707866
veh1202,3.129213483146067
veh1203,3.1314606741573034
veh1204,2.8910112359550557
veh1205,3.1340090090090094
veh1206,3.1644144144144146
veh1207,3.468468468468468
veh1208,3.2674943566591423
veh1209,2.8092550790067725
veh121,2.7555248618784525
veh1210,3.0688487584650117
veh1211,3.4887133182844248
veh1212,2.927601809954751
veh1213,2.581447963800905
veh1214,2.813348416289593
veh1215,2.875565610859729
veh1216,3.3253968253968247
veh1217,3.0034013605442174
veh1218,2.9126984126984126
veh1219,2.8628117913832196
veh122,2.575187969924812
veh1220,2.838636363636364
veh1221,2.7670454545454546
veh1222,3.122727272727273
veh1223,2.8204545454545453
veh1224,2.8781321184510253
veh1225,3.375854214123007
veh1226,2.700455580865604
veh1227,3.0569476082004554
veh1228,3.091324200913242
veh1229,3.078767123287671
veh123,2.6947513812154695
veh1230,3.0867579908675804
veh1231,3.0625
veh1232,3.1270022883295194
veh1233,3.01487414187643
veh1234,2.7437070938215102
veh1235,3.008009153318078
veh1236,2.713302752293578
veh1237,3.0665137614678897
veh1238,2.93348623853211
veh1239,3.433333333333333
veh124,3.0594744121715083
veh1240,3.0091954022988503
veh1241,2.8310344827586205
veh1242,2.766666666666666
veh1243,2.656682027649769
veh1244,2.7972350230414746
veh1245,2.936635944700461
veh1246,2.8986175115207375
veh1247,2.9480369515011544
veh1249,2.521939953810623
veh125,2.6381944444444443
veh1250,3.207852193995381
veh1251,3.238425925925926
veh1252,3.3136574074074074
veh1253,2.7569444444444446
veh1254,3.2291666666666665
veh1255,3.020881670533643
veh1256,3.0533642691415315
veh1257,2.6856148491879352
veh1258,2.9129930394431556
veh1259,2.531674208144796
veh126,3.2662517289073305
veh1260,2.8895348837209305
veh1261,2.9651162790697674
veh1262,2.7093023255813953
veh1263,2.621212121212121
veh1264,3.110722610722611
veh1265,2.942890442890443
veh1266,2.8352803738317753
veh1267,3.0672169811320753
veh1268,2.578271028037383
veh1269,3.0175233644859816
veh127,2.444751381215469
veh1270,3.2634660421545667
veh1271,3.0011709601873537
veh1272,2.5573770491803276
veh1273,3.4543325526932085
veh1274,3.0845070422535206
veh1275,3.42018779342723
veh1276,2.92688679245283
veh1277,3.1502347417840375
veh1278,3.396470588235294
veh1279,3.1870588235294117
veh128,2.768698060941828
veh1280,2.6776470588235295
veh1281,3.0317647058823534
veh1282,3.1179245283018866
veh1283,3.0860849056603774
veh1284,2.82311320754717
veh1285,3.3113207547169816
veh1286,3.294326241134752
veh1287,3.0
veh1288,2.8073286052009454
veh1289,2.626550868486352
veh129,2.544561933534743
veh1290,2.787914691943128
veh1291,3.1682464454976302
veh1292,3.270142180094787
veh1293,2.808056872037915
veh1294,2.7542372881355934
veh1295,3.1033254156769594
veh1296,3.060570071258907
veh1297,3.1595238095238094
veh1298,3.0357142857142856
veh1299,3.3309523809523807
veh13,3.0625
veh130,2.698753462603878
veh1300,3.0476190476190474
veh1301,3.209832134292566
veh1302,2.9343675417661097
veh1303,2.5524344569288386
veh1304,2.7100238663484486
veh1305,3.1818181818181817
veh1306,3.3971291866028706
veh1307,2.8421052631578947
veh1308,2.552631578947368
veh1309,3.0071942446043165
veh131,2.851108033240997
veh1310,3.3201438848920866
veh1311,3.2014388489208634
veh1312,3.085131894484413
veh1313,3.1021634615384617
veh1314,2.782178217821782
veh1315,3.0757211538461537
veh1316,2.7331730769230766
veh1317,3.008433734939759
veh1318,3.02289156626506
veh1319,3.2036144578313253
veh132,2.9389736477115114
veh1320,2.8656716417910446
veh1321,2.7161835748792273
veh1322,2.6606280193236715
veh1323,2.855072463768116
veh1324,2.6956521739130435
veh1325,2.7033898305084745
veh1326,2.437308868501529
veh1327,2.5937499999999996
veh1328,2.6529126213592233
veh1329,2.9599514563106792
veh133,2.7718446601941746
veh1330,3.0958737864077666
veh1331,2.4368932038834945
veh1332,3.0304136253041367
veh1333,2.715384615384615
veh1334,2.8493150684931505
veh1335,2.8613138686131387
veh1336,2.8292682926829267
veh1337,2.497560975609756
veh1338,2.765853658536585
veh1339,2.9902439024390244
veh1340,2.635696821515892
veh1341,3.143031784841076
veh1342,2.8556485355648538
veh1343,2.4486552567237165
veh1344,2.9534313725490198
veh1345,3.0392156862745097
veh1346,3.188725490196078
veh1347,2.9909090909090907
veh1348,2.7235872235872236
veh1349,2.952088452088452
veh135,3.248959778085992
veh1350,2.5727848101265822
veh1351,3.2272727272727275
veh1352,3.0049261083743843
veh1353,2.748768472906404
veh1354,2.763546798029557
veh1355,2.9039408866995076
veh1356,2.88641975308642
veh1357,2.9864197530864196
veh1358,2.628
veh1359,3.016089108910891
veh136,2.8210227272727275
veh1360,2.569306930693069
veh1361,2.5742574257425743
veh1362,2.6732673267326734
veh1363,2.523287671232877
veh1364,2.719602977667494
veh1365,3.2493796526054592
veh1366,2.6637717121588094
veh1367,2.681592039800995
veh1368,2.91044776119403
veh1369,2.9900497512437814
veh137,2.5414012738853504
veh1370,3.09452736318408
veh1371,2.8790523690773067
veh1372,2.9588528678304242
veh1373,2.7361809045226133
veh1374,3.372817955112219
veh1375,2.701793721973094
veh1376,2.9924999999999997
veh1377,2.8125
veh1378,2.96375
veh1379,2.5764411027568923
veh138,2.9965277777777777
veh1380,2.645363408521303
veh1381,3.407268170426065
veh1382,2.7807017543859645
veh1383,2.7638190954773867
veh1384,2.9045226130653266
veh1385,2.538690476190476
veh1386,2.761306532663317
veh1387,2.7871536523929468
veh1388,2.947103274559194
veh1389,2.5957178841309823
veh139,3.074305555555556
veh1390,3.25
veh1391,2.856060606060606
veh1392,2.595959595959596
veh1393,2.9520202020202024
veh1394,2.4934640522875817
veh1395,3.127848101265823
veh1396,2.732911392405063
veh1397,2.9759493670886075
veh1398,2.9593908629441623
veh1399,2.7588832487309647
veh14,2.5139664804469275
veh140,2.857394366197183
veh1400,3.1472081218274113
veh1401,2.521978021978022
veh1402,2.6959287531806617
veh1403,3.3053435114503817
veh1404,2.852417302798982
veh1405,3.2073791348600507
veh1406,3.142857142857143
veh1407,3.1122448979591835
veh1408,2.4327731092436973
veh1409,3.003826530612245
veh141,3.111961057023644
veh1410,3.0959079283887467
veh1411,2.9701298701298704
veh1412,2.930946291560103
veh1413,2.559386973180077
veh1414,2.907692307692308
veh1415,3.1589743589743593
veh1416,2.5461538461538464
veh1417,2.7210796915167093
veh1418,2.8856041131105394
veh1419,3.0989717223650386
veh142,2.9934210526315788
veh1420,2.6233933161953726
veh1421,2.764175257731959
veh1422,2.716494845360825
veh1423,3.2564432989690717
veh1424,2.3969072164948453
veh1425,2.4801324503311255
veh1426,2.8656330749354004
veh1427,2.795865633074935
veh1428,3.3320413436692506
veh1429,3.0310880829015545
veh143,3.196801112656467
veh1430,2.952072538860104
veh1431,2.9145077720207255
veh1432,2.7072538860103625
veh1433,3.0142857142857142
veh1434,2.7311688311688314
veh1435,3.050397877984085
veh1436,3.105194805194805
veh1437,2.856770833333333
veh1438,2.4895833333333335
veh1439,2.665364583333333
veh144,3.1137254901960785
veh1440,2.8125
veh1441,3.157963446475196
veh1442,2.606849315068493
veh1443,2.7989556135770237
veh1444,3.31331592689295
veh1445,2.9528795811518327
veh1446,3.175392670157068
veh1447,2.9856020942408374
veh1448,2.3966165413533838
veh1449,2.772965879265092
veh145,2.8816326530612244
veh1450,2.8661417322834644
veh1451,2.774278215223097
veh1452,3.110526315789474
veh1453,2.6789473684210527
veh1454,2.734210526315789
veh1455,2.645
veh1456,2.5923482849604222
veh1457,3.296833773087071
veh1458,3.1860158311345645
veh1459,2.605540897097625
veh146,3.158774373259053
veh1460,2.9523809523809526
veh1461,2.8439153439153437
veh1462,2.835978835978836
veh1463,2.7407407407407405
veh1464,3.018567639257294
veh1465,3.0159151193633953
veh1466,3.314323607427056
veh1467,3.2055702917771884
veh1468,2.901595744680851
veh1469,3.38031914893617
veh147,2.800139275766017
veh1470,3.0718085106382977
veh1471,2.890957446808511
veh1472,3.0520000000000005
veh1473,2.7840000000000003
veh1474,2.652
veh1475,2.7906666666666666
veh1476,2.7348242811501597
veh1477,3.2352941176470584
veh1478,3.27807486631016
veh1479,2.9168900804289546
veh148,2.5260416666666665
veh1480,2.710455764075067
veh1481,2.510723860589812
veh1482,3.0147453083109914
veh1483,3.045698924731183
veh1484,2.814516129032258
veh1485,2.66263440860215
veh1486,2.7580645161290325
veh1487,2.4784366576819408
veh1488,3.2364130434782608
veh1489,3.299191374663073
veh149,2.6639344262295084
veh1490,2.7398921832884096
veh1491,2.8351351351351353
veh1492,2.9837837837837844
veh1493,2.7378378378378376
veh1494,2.660810810810811
veh1495,2.561776061776062
veh1496,3.2317073170731705
veh1497,3.129120879120879
veh1498,2.6194690265486726
veh1499,2.9646739130434785
veh15,3.171542553191489
veh150,2.7461645746164574
veh1500,2.6005434782608696
veh1501,3.0326086956521734
veh1502,3.1875
veh1503,2.7792915531335156
veh1504,3.0790190735694822
veh1505,2.9318801089918263
veh1506,2.7479564032697548
veh1507,2.9207317073170733
veh1508,3.363387978142076
veh1509,2.9849726775956285
veh151,2.5357142857142856
veh1510,2.5534246575342467
veh1511,2.6808219178082195
veh1512,2.7520547945205482
veh1513,3.102739726027397
veh1514,3.1744505494505493
veh1515,2.8434065934065935
veh1516,3.026098901098901
veh1517,2.609324758842444
veh1518,2.65702479338843
veh1519,2.8774104683195594
veh152,3.1054469273743015
veh1520,2.9641873278236917
veh1521,2.7878787878787876
veh1522,2.919889502762431
veh1523,3.0580110497237567
veh1524,2.9654696132596685
veh1525,3.3204419889502765
veh1526,2.51056338028169
veh1527,2.6385041551246537
veh1528,3.1634349030470914
veh1529,2.9625
veh153,2.6396468699839484
veh1530,2.7952646239554313
veh1531,2.9958217270194982
veh1532,2.850974930362117
veh1533,2.618384401114206
veh1534,2.9636871508379885
veh1535,2.5027932960893855
veh1536,2.9647887323943656
veh1537,3.2002801120448177
veh1538,2.8165266106442575
veh1539,2.858543417366947
veh154,2.5735294117647056
veh1540,2.925770308123249
veh1541,2.764044943820225
veh1542,2.8848314606741567
veh1543,2.7429775280898876
veh1544,3.0561797752808992
veh1545,2.8830985915492957
veh1546,2.683673469387755
veh1547,2.8597883597883595
veh1548,2.86056338028169
veh1549,2.8728813559322033
veh155,2.831232492997199
veh1550,3.2755681818181817
veh1551,2.6045197740112993
veh1552,3.153954802259887
veh1553,3.2184873949579833
veh1554,3.262039660056657
veh1555,2.613314447592068
veh1556,2.6104815864022664
veh1557,3.061079545454546
veh1558,2.852272727272727
veh1559,3.2045454545454546
veh156,2.9243697478991595
veh1560,2.7552301255230125
veh1561,3.2934472934472936
veh1562,3.2407407407407405
veh1563,3.2735042735042734
veh1564,2.981481481481481
veh1565,2.8571428571428568
veh1566,3.318571428571429
veh1567,3.108571428571428
veh1568,3.1432664756446993
veh1569,2.9255014326647566
veh157,2.9796918767507004
veh1570,3.0644699140401146
veh1571,3.2377521613832854
veh1572,3.221264367816092
veh1573,2.9080459770114944
veh1574,2.660919540229885
veh1575,2.939655172413793
veh1576,2.8025936599423633
veh1577,3.031700288184438
veh1578,2.7680115273775217
veh1579,2.5979827089337175
veh158,2.938375350140056
veh1580,3.251445086705202
veh1581,2.8265895953757223
veh1582,2.791907514450867
veh1583,3.277456647398844
veh1584,2.782608695652174
veh1585,3.0391304347826087
veh1586,2.976811594202898
veh1587,3.247826086956522
veh1588,3.366279069767442
veh1589,2.84156976744186
veh159,2.894109396914446
veh1590,2.6831395348837206
veh1591,2.956395348837209
veh1592,2.5932944606413995
veh1593,2.93731778425656
veh1594,2.721574344023324
veh1595,2.852769679300292
veh1596,2.8046875
veh1597,3.0497076023391814
veh1598,2.926900584795322
veh1599,3.2243401759530794
veh16,2.632029339853301
veh160,3.1683029453015426
veh1600,2.64516129032258
veh1601,3.030791788856305
veh1602,2.846041055718475
veh1603,3.1970588235294115
veh1604,3.0699404761904763
veh1605,2.6794117647058826
veh1606,2.9749999999999996
veh1607,2.926253687315634
veh1608,2.7507374631268435
veh1609,2.753687315634218
veh161,2.7346938775510203
veh1610,3.0680473372781067
veh1611,2.668639053254438
veh1612,2.5650887573964494
veh1613,2.7734082397003745
veh1615,2.970326409495549
veh1616,2.8887240356083086
veh1617,2.8293768545994067
veh1618,3.1973293768545994
veh1619,2.925595238095238
veh162,2.515686274509804
veh1620,2.8184523809523814
veh1621,3.0982142857142856
veh1622,2.991071428571429
veh1623,2.496978851963746
veh1624,2.7955223880597018
veh1625,2.864179104477612
veh1626,2.825373134328358
veh1627,3.0838323353293413
veh1628,2.988023952095808
veh1629,2.7215568862275448
veh163,2.7697947214076244
veh1630,3.013513513513513
veh1631,2.8903903903903903
veh1632,2.998498498498498
veh1633,2.9294294294294296
veh1634,3.3599397590361444
veh1635,2.680722891566265
veh1636,2.7846385542168672
veh1637,2.8704819277108435
veh1638,3.4456193353474323
veh1639,2.836858006042296
veh164,3.1179775280898876
veh1640,3.167673716012085
veh1641,2.9229607250755287
veh1642,2.813636363636364
veh1643,3.3454545454545452
veh1644,2.491869918699187
veh1645,2.848484848484848
veh1646,2.60790273556231
veh1647,3.3738601823708203
veh1648,3.2407975460122698
veh1649,2.462962962962963
veh165,3.0656660412757972
veh1650,2.833841463414634
veh1651,3.0853658536585367
veh1652,2.966463414634146
veh1653,2.649390243902439
veh1654,2.6077844311377247
veh1655,3.0045871559633026
veh1656,2.738532110091743
veh1657,3.029051987767584
veh1658,3.171779141104295
veh1659,2.8895705521472395
veh166,2.715589887640449
veh1660,2.9432515337423313
veh1661,2.706153846153846
veh1662,3.1234567901234573
veh1663,2.684615384615385
veh1664,3.119047619047619
veh1665,2.8703703703703702
veh1666,3.2191358024691357
veh1667,2.6141975308641974
veh1668,2.5385802469135803
veh1669,3.229102167182662
veh167,2.978199718706048
veh1670,3.0882352941176467
veh1671,2.843653250773994
veh1672,3.038699690402477
veh1673,3.0062111801242235
veh1674,2.5683229813664594
veh1675,3.2857142857142856
veh1676,3.0403726708074537
veh1677,2.845794392523364
veh1678,3.1230529595015573
veh1679,2.719626168224299
veh168,3.0329949238578684
veh1680,3.246875
veh1681,2.7468749999999997
veh1682,2.5500000000000003
veh1683,2.55
veh1684,3.24375
veh1685,2.876175548589342
veh1686,3.11128526645768
veh1687,2.8056426332288398
veh1688,3.1729559748427674
veh1689,3.2028301886792447
veh169,2.930379746835443
veh1690,2.7327044025157234
veh1691,2.400943396226415
veh1692,2.4782608695652177
veh1693,2.520504731861198
veh1694,2.5157728706624605
veh1695,2.9384858044164037
veh1696,3.3196202531645573
veh1697,2.7373417721518987
veh1698,3.2373417721518987
veh1699,3.120805369127517
veh17,2.5074211502782933
veh170,2.8122362869198314
veh1700,3.133440514469453
veh1701,2.7507936507936512
veh1702,2.5825396825396827
veh1703,2.966666666666667
veh1704,2.8853503184713376
veh1705,2.9356913183279745
veh1706,3.1910828025477707
veh1707,2.67515923566879
veh1708,2.9185303514376995
veh1709,3.182108626198083
veh171,2.721830985915493
veh1710,3.2699680511182114
veh1712,3.0112179487179485
veh1713,2.603896103896104
veh1714,3.08974358974359
veh1715,2.740384615384615
veh1716,3.07395498392283
veh1717,3.0485436893203883
veh1718,2.918006430868167
veh1719,2.916129032258065
veh172,2.5735294117647056
veh1720,2.7635135135135136
veh1721,3.225649350649351
veh1722,2.503225806451613
veh1723,2.7556634304207117
veh1724,2.4644012944983817
veh1725,2.716828478964401
veh1726,3.0048543689320386
veh1727,2.668831168831169
veh1728,2.7987012987012987
veh1729,3.2629870129870127
veh173,2.87112676056338
veh1730,3.0671641791044775
veh1731,2.949511400651466
veh1732,2.5749185667752443
veh1733,3.1286644951140063
veh1734,2.450920245398773
veh1735,2.9934640522875817
veh1736,2.6029411764705883
veh1737,2.7973856209150325
veh1738,2.633986928104575
veh1739,2.5121951219512195
veh174,2.9359673024523163
veh1740,2.5393442622950824
veh1741,2.6934426229508195
veh1742,2.649180327868853
veh1743,2.5777027027027026
veh1744,3.088815789473684
veh1745,2.6480263157894735
veh1746,3.105263157894737
veh1747,2.636963696369637
veh1748,3.356655290102389
veh1749,3.3135313531353137
veh175,3.2127845884413313
veh1750,2.8940397350993377
veh1751,2.4867549668874176
veh1752,2.8079470198675494
veh1753,2.7549668874172184
veh1754,3.1578073089701
veh1755,3.147840531561462
veh1756,2.593023255813953
veh1757,2.9750830564784057
veh1758,2.5524017467248905
veh1759,2.6766666666666667
veh176,2.4754990925589833
veh1760,2.555
veh1761,3.231666666666667
veh1762,2.627090301003345
veh1763,2.7625418060200673
veh1764,2.680602006688963
veh1765,2.5668896321070234
veh1766,2.640939597315436
veh1767,2.7919463087248326
veh1768,2.731543624161074
veh1769,2.5838926174496644
veh177,2.6544444444444446
veh1770,2.707070707070707
veh1771,3.1531986531986536
veh1772,2.8754208754208754
veh1773,2.8872053872053876
veh1774,2.652941176470588
veh1775,3.418367346938776
veh1776,2.494932432432433
veh1777,2.383720930232558
veh1778,2.893220338983051
veh1779,2.9508474576271184
veh178,3.0267983074753175
veh1780,2.7406779661016953
veh1781,3.029209621993127
veh1782,2.5510204081632653
veh1783,3.3010204081632653
veh1784,3.2551020408163263
veh1785,2.8583617747440275
veh1786,3.3122866894197953
veh1787,2.918088737201365
veh1788,3.0870307167235493
veh1789,2.606164383561644
veh179,2.874293785310735
veh1790,3.160958904109589
veh1791,2.7876712328767126
veh1792,3.0273972602739727
veh1793,2.670103092783505
veh1794,2.582474226804124
veh1795,2.72972972972973
veh1796,3.015463917525773
veh1797,2.951724137931034
veh1798,2.817241379310345
veh1799,2.5379310344827584
veh18,2.544704264099037
veh180,2.64446227929374
veh1800,2.6793103448275866
veh1801,2.531141868512111
veh1802,2.8823529411764706
veh1803,2.750865051903114
veh1804,3.0069204152249136
veh1805,2.7847222222222223
veh1806,2.7222222222222223
veh1807,2.7222222222222223
veh1808,2.827526132404181
veh1809,3.1010452961672477
veh181,2.8524011299435026
veh1810,2.736933797909408
veh1811,2.90418118466899
veh1812,2.776223776223776
veh1813,2.748251748251748
veh1814,2.9999999999999996
veh1815,2.8986013986013988
veh1816,2.531578947368421
veh1817,3.0210526315789474
veh1818,2.6824561403508773
veh1819,2.8228070175438598
veh182,2.8224893917963225
veh1821,3.4507042253521125
veh1822,2.73943661971831
veh1823,2.704379562043796
veh1824,3.114840989399293
veh1825,2.8109540636042403
veh1826,2.9028268551236747
veh1827,3.213780918727915
veh1828,2.867088607594937
veh1829,2.7642857142857147
veh183,2.87573385518591
veh1830,3.145390070921986
veh1831,2.8067375886524824
veh1832,3.21841155234657
veh1833,2.7318840579710146
veh1834,2.9128113879003563
veh1835,3.3612099644128115
veh1836,2.6642857142857146
veh1837,3.089285714285714
veh1838,3.1357142857142857
veh1839,3.112903225806451
veh184,2.642201834862385
veh1840,2.8870967741935485
veh1841,3.0555555555555554
veh1842,3.1164874551971327
veh1843,3.3327338129496407
veh1844,3.2086330935251803
veh1845,3.2949640287769784
veh1846,2.633093525179856
veh1847,2.5884476534296033
veh1848,3.124548736462094
veh1849,3.073529411764706
veh185,2.6917229729729724
veh1850,3.1299638989169676
veh1851,2.516304347826087
veh1852,2.829710144927536
veh1853,2.739130434782609
veh1854,2.8731884057971016
veh1855,3.1636363636363636
veh1856,3.0745454545454547
veh1857,2.9327272727272726
veh1858,2.7457142857142856
veh1859,2.6496350364963503
veh186,3.0049504950495054
veh1860,2.6149635036496353
veh1861,3.1678832116788325
veh1862,2.8613138686131387
veh1863,2.6904761904761902
veh1864,3.1129629629629627
veh1866,2.620879120879121
veh1867,3.5000000000000004
veh1868,2.8419117647058827
veh1869,3.2977941176470593
veh187,3.002832861189802
veh1870,2.806273062730627
veh1871,2.8690036900369007
veh1872,3.3597785977859784
veh1873,2.9926199261992616
veh1874,2.7074074074074073
veh1875,2.685185185185185
veh1876,2.7185185185185183
veh1877,2.9259259259259256
veh1878,3.1561338289962824
veh1879,2.6561338289962824
veh188,2.7308781869688388
veh1880,2.511152416356877
veh1881,2.548327137546468
veh1882,3.171641791044776
veh1883,2.8917910447761197
veh1884,2.7350746268656714
veh1885,2.9776119402985075
veh1886,2.863295880149813
veh1887,2.7022471910112356
veh1888,3.1104868913857677
veh1889,2.5449438202247188
veh189,2.7875354107648724
veh1890,2.9022556390977443
veh1891,3.0921052631578947
veh1892,2.950381679389313
veh1893,3.2169811320754715
veh1894,3.171698113207547
veh1895,2.90188679245283
veh1896,2.575471698113208
veh1897,3.171698113207547
veh1898,2.890151515151515
veh1899,3.3219696969696972
veh19,3.072
veh190,3.0964539007092196
veh1900,2.5833333333333335
veh1901,2.6520912547528517
veh1902,2.8650190114068446
veh1903,2.536121673003802
veh1904,2.6825095057034223
veh1905,2.6125954198473287
veh1906,2.7633587786259546
veh1907,2.5896946564885495
veh1908,2.7669322709163344
veh1909,2.657088122605364
veh191,2.902127659574468
veh1910,3.0670498084291187
veh1911,2.6149425287356323
veh1912,3.454022988505747
veh1913,2.569230769230769
veh1914,2.5115384615384615
veh1915,2.521153846153846
veh1916,2.6403846153846153
veh1917,2.6830708661417324
veh1918,3.222007722007722
veh1919,3.333976833976834
veh192,3.1099290780141837
veh1920,3.07421875
veh1921,3.104651162790698
veh1922,3.0
veh1923,3.0852713178294575
veh1924,2.810077519379845
veh1925,3.3249027237354083
veh1926,2.8696498054474704
veh1927,2.608949416342413
veh1928,2.9747081712062253
veh1929,2.90625
veh193,2.5860534124629084
veh1930,2.72265625
veh1931,2.81640625
veh1932,3.111764705882353
veh1933,2.7823529411764705
veh1934,3.033333333333333
veh1935,2.519607843137255
veh1936,2.8169291338582676
veh1937,2.956692913385827
veh1938,2.6948818897637796
veh1939,2.978346456692913
veh194,2.6732673267326734
veh1940,2.6067193675889326
veh1941,2.926877470355731
veh1942,2.9189723320158105
veh1943,3.3102766798418974
veh1944,2.71285140562249
veh1945,2.5198412698412698
veh1946,2.630952380952381
veh1947,3.1746031746031744
veh1948,3.5284552845528454
veh1949,2.862549800796813
veh195,2.75
veh1950,3.0
veh1951,2.846613545816733
veh1952,3.3
veh1953,2.762
veh1954,2.652
veh1955,3.218
veh1956,3.1706827309236942
veh1957,2.838709677419355
veh1958,2.9377510040160644
veh1959,2.6733870967741935
veh196,2.7066761363636367
veh1960,2.588709677419355
veh1961,2.8346774193548385
veh1962,2.6048387096774195
veh1963,2.716599190283401
veh1964,2.95748987854251
veh1965,2.9691358024691357
veh1966,3.172064777327935
veh1967,2.5284552845528454
veh1968,2.5223577235772354
veh1969,3.0102880658436213
veh197,2.700284090909091
veh1970,2.9471544715447155
veh1971,2.887755102040816
veh1972,2.7612244897959184
veh1973,2.989795918367347
veh1974,3.1204081632653065
veh1975,2.9631147540983607
veh1976,2.9877049180327866
veh1977,3.028688524590164
veh1978,3.028688524590164
veh1979,2.7181069958847734
veh198,2.5439914163090127
veh1980,3.211934156378601
veh1981,2.5205761316872426
veh1982,2.9115226337448563
veh1983,2.727272727272727
veh1984,2.4911764705882353
veh1985,2.9483471074380168
veh1986,2.5165289256198347
veh1987,2.6950207468879666
veh1988,2.9605809128630707
veh1989,3.145228215767635
veh199,2.5860597439544812
veh1990,2.6687499999999997
veh1991,2.454166666666667
veh1992,2.9250000000000003
veh1993,3.008333333333333
veh1994,2.8556485355648538
veh1995,2.696652719665272
veh1996,3.102510460251046
veh1997,2.6841004184100417
veh1998,3.09453781512605
veh1999,3.335555555555555
veh2,3.0079575596816976
veh20,2.523474178403756
veh200,2.7930153321976148
veh2000,2.823529411764706
veh2001,3.042016806722689
veh2002,2.8333333333333335
veh2003,2.5316455696202533
veh2004,3.449367088607595
veh2005,2.9680851063829787
veh2006,3.300847457627119
veh2007,2.6271186440677963
veh2008,3.1186440677966103
veh2009,3.402542372881356
veh201,3.074679943100996
veh2010,2.6999999999999997
veh2011,2.6872340425531913
veh2012,2.776595744680851
veh2013,2.5808510638297872
veh2014,2.888888888888889
veh2015,3.1068376068376073
veh2016,2.5512820512820515
veh2017,2.9786324786324787
veh2018,2.521459227467811
veh2019,3.0021459227467813
veh202,3.1858974358974357
veh2020,2.444206008583691
veh2021,3.0625
veh2022,3.4094827586206895
veh2023,2.543103448275862
veh2024,3.0883620689655173
veh2025,2.5476190476190474
veh2026,2.6385281385281383
veh2027,2.8073593073593073
veh2028,2.8463203463203466
veh2029,2.9304347826086956
veh203,3.1424501424501425
veh2030,2.893478260869565
veh2031,2.6173913043478265
veh2032,2.615217391304348
veh2033,2.7804232804232805
veh2034,2.661572052401747
veh2035,2.7467248908296944
veh2036,2.46
veh2037,2.5438596491228074
veh2038,2.9978070175438596
veh2039,3.2894736842105265
veh204,3.1032763532763536
veh2040,2.7149122807017547
veh2041,2.790748898678414
veh2042,2.6916299559471364
veh2043,3.248898678414097
veh2044,2.5088105726872247
veh2045,2.579646017699115
veh2046,3.1814159292035398
veh2047,2.7389380530973453
veh2048,2.517699115044248
veh2049,3.086666666666666
veh205,2.9380341880341883
veh2050,3.1044444444444443
veh2051,2.6822222222222223
veh2052,2.7008928571428568
veh2053,2.486607142857143
veh2054,3.125
veh2055,2.830357142857143
veh2056,2.502242152466368
veh2057,3.073991031390134
veh2058,2.6479820627802693
veh2059,2.8385650224215246
veh206,3.0285306704707557
veh2060,2.581081081081081
veh2061,3.036036036036036
veh2062,3.0292792792792795
veh2063,3.234234234234234
veh2064,3.3733031674208145
veh2066,2.5361990950226243
veh2067,3.3778280542986425
veh2068,3.0727272727272723
veh2069,2.606818181818182
veh207,2.6704707560627674
veh2070,2.4312796208530805
veh2071,2.8886363636363632
veh2072,2.490783410138249
veh2073,2.582191780821918
veh2074,2.730593607305936
veh2075,2.6187214611872145
veh2076,3.05045871559633
veh2077,3.139908256880734
veh2078,3.1376146788990824
veh2079,2.6474654377880182
veh208,2.7631954350927246
veh2080,2.7027649769585254
veh2081,3.1843317972350227
veh2082,3.1013824884792625
veh2083,2.689814814814815
veh2084,3.2453703703703702
veh2085,2.7962962962962963
veh2086,2.4212962962962963
veh2087,2.5302325581395353
veh2088,2.969767441860465
veh2089,2.8767441860465115
veh209,2.858773181169757
veh2090,2.6813953488372095
veh2091,3.186915887850467
veh2092,3.1331775700934577
veh2093,2.546728971962617
veh2094,3.0981308411214954
veh2095,2.539906103286385
veh2096,3.0774647887323945
veh2097,2.8051643192488265
veh2098,2.8755868544600935
veh2099,2.452830188679245
veh21,2.726969292389853
veh210,2.6892857142857145
veh2100,2.6132075471698117
veh2101,2.6415094339622645
veh2102,2.492924528301887
veh2103,3.3293838862559246
veh2104,3.1350710900473935
veh2105,2.609004739336493
veh2106,2.727488151658768
veh2107,3.028571428571429
veh2108,2.566666666666667
veh2109,2.623809523809524
veh211,3.059285714285714
veh2110,2.631578947368421
veh2111,3.0885167464114835
veh2112,2.830143540669856
veh2113,2.8540669856459333
veh2114,2.545673076923077
veh2115,2.841346153846154
veh2116,2.6634615384615383
veh2117,2.490384615384615
veh2118,2.920289855072464
veh2119,3.142512077294686
veh212,2.8735714285714287
veh2120,3.1570048309178746
veh2121,2.8043478260869565
veh2122,3.1116504854368934
veh2123,2.8932038834951457
veh2124,2.5388349514563107
veh2126,2.6853658536585368
veh2127,3.1439024390243904
veh2128,3.2243902439024392
veh2129,2.6902439024390246
veh213,2.9894837476099427
veh2130,3.0490196078431375
veh2131,3.294117647058824
veh2132,2.6151960784313726
veh2133,2.980392156862745
veh2134,2.539408866995074
veh2135,2.958128078817734
veh2136,3.0320197044334978
veh2137,2.5788177339901477
veh2138,3.0594059405940595
veh2139,2.7896039603960396
veh214,2.5803571428571432
veh2140,3.173267326732673
veh2141,2.7388059701492535
veh2142,2.6044776119402986
veh2143,2.8034825870646762
veh2144,3.129353233830846
veh2145,2.9349999999999996
veh2146,2.83
veh2147,2.7225
veh2148,2.3529411764705883
veh2149,3.0477386934673367
veh215,2.9366812227074237
veh2150,3.2010050251256286
veh2151,2.8467336683417086
veh2152,3.128140703517588
veh2153,2.5858585858585856
veh2154,2.9482758620689653
veh2155,3.0404040404040407
veh2156,2.45959595959596
veh2157,2.753807106598985
veh2158,3.1548223350253806
veh2159,2.967005076142132
veh216,2.934907010014306
veh2160,3.125
veh2161,2.7448979591836737
veh2162,2.9693877551020407
veh2163,2.913265306122449
veh2164,2.505555555555556
veh2165,2.587179487179487
veh2166,2.7923076923076926
veh2167,3.2230769230769236
veh2168,3.141025641025641
veh2169,2.7989690721649483
veh217,2.683381088825215
veh2170,3.087628865979381
veh2171,2.824742268041237
veh2172,2.4844559585492227
veh2173,2.77461139896373
veh2174,2.7538860103626943
veh2175,2.650259067357513
veh2176,2.7291666666666665
veh2177,2.6796875000000004
veh2178,2.5442708333333335
veh2179,2.734375
veh218,2.959619952494062
veh2180,2.725130890052356
veh2181,2.5471204188481673
veh2182,2.615183246073298
veh2183,2.976439790575916
veh2184,2.631578947368421
veh2185,3.1203208556149735
veh2186,2.871052631578948
veh2187,2.6390374331550803
veh2188,3.325396825396825
veh2189,3.380952380952381
veh219,2.565217391304348
veh2190,3.1507936507936507
veh2191,2.5476190476190474
veh2192,2.6595744680851063
veh2193,2.723404255319149
veh2194,2.6382978723404253
veh2195,2.5106382978723403
veh2196,2.5695187165775404
veh2197,3.0989304812834226
veh2198,2.6016042780748663
veh2199,2.802139037433155
veh22,2.8404539385847793
veh220,2.8345272206303727
veh2200,2.478494623655914
veh2201,2.967741935483871
veh2202,3.064516129032258
veh2203,2.8189189189189188
veh2204,3.016216216216216
veh2205,3.110810810810811
veh2206,3.410810810810811
veh2207,2.6032608695652173
veh2208,2.546195652173913
veh2209,3.159340659340659
veh221,3.129842180774749
veh2210,3.027173913043478
veh2211,3.2595628415300544
veh2212,2.78021978021978
veh2213,2.5710382513661205
veh2214,2.5601092896174866
veh2215,2.6675824175824174
veh2216,2.8571428571428568
veh2217,3.5
veh2218,3.447802197802198
veh2219,2.7817679558011053
veh222,2.6559766763848396
veh2220,2.852272727272727
veh2221,3.0745856353591154
veh2222,3.1215469613259668
veh2223,2.661111111111111
veh2224,2.6694444444444443
veh2225,2.6388888888888893
veh2226,2.8611111111111107
veh2227,2.9636871508379894
veh2228,2.717877094972067
veh2229,2.924581005586592
veh223,2.505434782608696
veh2230,3.042134831460674
veh2231,2.848314606741573
veh2232,2.8286516853932584
veh2233,2.8932584269662924
veh2234,3.0564971751412426
veh2235,2.6440677966101696
veh2236,2.494350282485876
veh2237,2.607344632768362
veh2238,2.7045454545454546
veh2239,2.8977272727272725
veh224,2.414798206278027
veh2240,2.5454545454545454
veh2241,2.8409090909090913
veh2242,2.630177514792899
veh2243,3.1228571428571428
veh2244,3.546242774566474
veh2245,2.5685714285714285
veh2246,2.902298850574713
veh2247,2.574712643678161
veh2248,3.3448275862068964
veh2249,2.6149425287356323
veh225,2.7987179487179485
veh2250,2.777456647398844
veh2251,2.8641618497109826
veh2252,2.792682926829268
veh2253,3.2514450867052016
veh2254,2.8313953488372094
veh2255,2.88953488372093
veh2256,3.058139534883721
veh2257,2.5232558139534884
veh2258,3.088235294117647
veh2259,2.780701754385965
veh226,2.684115523465704
veh2260,2.7923976608187133
veh2261,3.2441176470588236
veh2262,2.4882352941176467
veh2263,2.8882352941176475
veh2264,2.7558823529411764
veh2265,3.334319526627219
veh2266,3.1272189349112423
veh2267,2.56508875739645
veh2268,2.606508875739645
veh2269,3.0833333333333335
veh227,3.0945945945945947
veh2270,2.613095238095238
veh2271,2.583333333333333
veh2272,2.4367088607594938
veh2273,3.0180722891566267
veh2274,3.032934131736527
veh2275,2.4341317365269464
veh2276,2.535928143712575
veh2277,2.9698795180722892
veh2278,2.5843373493975905
veh2279,2.91566265060241
veh228,3.194683908045977
veh2280,2.5060240963855422
veh2281,2.918181818181818
veh2282,2.893939393939394
veh2283,3.5181818181818176
veh2285,2.792682926829268
veh2286,2.9573170731707314
veh2287,2.75
veh2288,2.731707317073171
veh2289,2.6932515337423313
veh229,2.894799054373522
veh2290,2.656441717791411
veh2291,3.03680981595092
veh2292,2.950617283950617
veh2293,2.611111111111111
veh2294,3.3687500000000004
veh2295,2.611111111111111
veh2296,2.512422360248447
veh2297,2.972049689440994
veh2298,2.6863354037267078
veh2299,2.6552795031055902
veh23,2.7910547396528704
veh230,3.164748201438849
veh2300,2.98125
veh2301,2.55
veh2302,2.625
veh2303,2.625
veh2304,2.720125786163522
veh2305,2.849056603773585
veh2306,2.481132075471698
veh2307,3.0961538461538463
veh2308,2.860759493670886
veh2309,2.4746835443037973
veh231,2.671186440677966
veh2310,2.9556962025316453
veh2311,2.962025316455696
veh2312,2.563694267515924
veh2313,2.984076433121019
veh2314,2.786624203821656
veh2315,2.6560509554140133
veh2316,2.532051282051282
veh2317,2.8717948717948723
veh2318,3.1794871794871793
veh2319,2.6794871794871797
veh232,2.682471264367816
veh2320,2.8806451612903223
veh2321,2.470967741935484
veh2322,2.9645161290322575
veh2323,2.9577922077922074
veh2324,3.1623376623376624
veh2325,2.5194805194805197
veh2326,2.512987012987013
veh2327,2.5359477124183005
veh2328,2.571895424836601
veh2329,2.6649484536082473
veh233,2.8220461095100866
veh2330,2.866013071895425
veh2331,2.55921052631579
veh2332,3.3157894736842106
veh2333,2.5657894736842106
veh2334,2.5953947368421053
veh2335,2.5132450331125824
veh2336,2.956953642384106
veh2337,2.5827814569536427
veh2338,2.7185430463576163
veh2339,2.62
veh234,3.0007204610951006
veh2340,2.4800000000000004
veh2341,2.753333333333333
veh2342,2.82
veh2343,2.9545454545454546
veh2344,2.5134228187919465
veh2345,2.926174496644295
veh2346,2.7885906040268456
veh2347,2.878378378378378
veh2348,2.527027027027027
veh2349,2.831081081081081
veh235,2.9769452449567724
veh2350,3.0337837837837833
veh2351,2.8197278911564627
veh2352,3.221088435374149
veh2353,3.343537414965986
veh2354,3.297945205479452
veh2355,2.363013698630137
veh2356,2.6164383561643834
veh2357,2.719178082191781
veh2358,3.3
veh2359,2.6586206896551725
veh236,2.5139802631578947
veh2360,2.617241379310345
veh2361,2.555172413793103
veh2362,3.4027777777777777
veh2363,2.6111111111111116
veh2364,2.5555555555555554
veh2365,2.736111111111111
veh2366,2.664335664335664
veh2367,2.506993006993007
veh2368,2.8146853146853146
veh2369,2.800699300699301
veh237,2.86002886002886
veh2370,3.2535211267605635
veh2371,2.802816901408451
veh2372,3.23943661971831
veh2373,2.774647887323944
veh2374,2.953900709219858
veh2375,3.106382978723404
veh2376,2.9571428571428573
veh2377,2.8900709219858154
veh2378,2.692857142857143
veh2379,3.4
veh238,3.0425685425685423
veh2380,2.9428571428571426
veh2381,3.2985611510791366
veh2382,2.974820143884892
veh2383,3.2553956834532376
veh2384,2.449640287769784
veh2385,2.811594202898551
veh2386,3.333333333333333
veh2387,2.9202898550724634
veh2388,2.7391304347826084
veh2389,2.9525547445255476
veh239,2.9386724386724383
veh2390,2.989051094890511
veh2391,2.7700729927007304
veh2392,3.018248175182482
veh2393,2.522058823529412
veh2394,2.5661764705882355
veh2395,2.7647058823529416
veh2396,3.235294117647059
veh2397,2.7481481481481485
veh2398,2.6481481481481484
veh2399,2.5962962962962965
veh24,2.5387596899224807
veh240,2.8751803751803755
veh2400,2.8777777777777778
veh2401,2.4402985074626864
veh2402,3.0
veh2403,3.0
veh2404,2.746268656716418
veh2405,2.7030075187969924
veh2406,2.8282442748091605
veh2407,2.552631578947368
veh2408,2.988721804511278
veh2409,2.4696969696969697
veh241,2.6445086705202314
veh2410,2.825757575757576
veh2411,2.5151515151515147
veh2412,2.5381679389312977
veh2413,2.629770992366412
veh2414,2.400763358778626
veh2415,2.461832061068702
veh2416,2.5461538461538464
veh2417,2.6076923076923073
veh2418,2.3461538461538463
veh2419,2.7615384615384615
veh242,3.0433526011560694
veh2420,2.833333333333333
veh2421,2.7635658914728682
veh2422,2.9651162790697674
veh2423,2.972868217054264
veh2424,2.6328125
veh2425,2.5703125
veh2426,3.140625
veh2427,2.62890625
veh2428,2.681102362204724
veh2429,2.9488188976377954
veh243,2.596774193548387
veh2430,2.5655737704918034
veh2432,2.7222222222222223
veh2433,2.714285714285714
veh2434,2.6666666666666665
veh2435,2.9761904761904763
veh2436,3.084
veh2437,3.548
veh2438,2.396
veh2439,3.3
veh244,2.4901960784313726
veh2440,3.2943548387096775
veh2441,3.1290322580645156
veh2442,2.568548387096774
veh2443,2.833333333333333
veh2444,3.0121951219512195
veh2445,2.613821138211382
veh2446,2.589430894308943
veh2447,2.7295081967213113
veh2448,2.5491803278688527
veh2449,2.6393442622950816
veh245,2.9182344428364693
veh2450,3.418032786885246
veh2451,2.62396694214876
veh2452,2.6074380165289255
veh2453,2.392561983471074
veh2454,2.9710743801652892
veh2455,2.716666666666667
veh2456,2.5
veh2457,2.7583333333333337
veh2458,2.96218487394958
veh2459,2.5252100840336134
veh246,3.01980198019802
veh2460,2.9663865546218484
veh2461,2.5924369747899156
veh2462,2.7016806722689077
veh2463,3.084745762711864
veh2464,2.4661016949152543
veh2465,2.483050847457627
veh2466,2.5
veh2467,2.713675213675214
veh2468,2.636752136752137
veh2469,2.9871794871794872
veh247,2.779220779220779
veh2470,3.3846153846153846
veh2471,2.939655172413793
veh2472,2.681034482758621
veh2473,3.103448275862069
veh2474,2.752173913043478
veh2475,3.1347826086956525
veh2476,2.5260869565217394
veh2477,3.2217391304347824
veh2478,2.9736842105263155
veh2479,2.780701754385965
veh248,2.9594202898550726
veh2480,2.5350877192982457
veh2481,3.06140350877193
veh2482,2.8008849557522115
veh2483,3.172566371681416
veh2484,2.4911504424778763
veh2485,3.057522123893805
veh2486,2.5803571428571432
veh2487,3.1651785714285716
veh2488,2.8928571428571432
veh2489,2.4464285714285716
veh249,2.907246376811594
veh2490,3.2477477477477477
veh2491,2.8153153153153156
veh2492,2.3828828828828827
veh2493,2.479591836734694
veh2494,2.6090909090909093
veh2495,3.1296296296296298
veh2496,2.645454545454545
veh2497,3.081818181818182
veh2498,3.2614678899082565
veh2499,2.6559633027522938
veh25,2.9946524064171123
veh250,3.3746376811594203
veh2500,3.0045871559633026
veh2501,2.467592592592592
veh2502,2.4814814814814814
veh2503,2.78735632183908
veh2504,2.574074074074074
veh2505,2.5887850467289715
veh2506,2.4766355140186915
veh2507,2.58411214953271
veh2508,2.4345794392523366
veh2509,2.4103773584905666
veh251,2.7119402985074625
veh2510,2.415094339622642
veh2511,2.528301886792453
veh2512,2.7452830188679247
veh2513,2.8142857142857145
veh2514,2.642857142857143
veh2515,2.6619047619047618
veh2516,2.5
veh2517,2.4375
veh2518,2.5528846153846154
veh2519,3.0288461538461537
veh252,2.9557329462989843
veh2520,2.980769230769231
veh2521,2.8009708737864076
veh2522,2.6553398058252426
veh2523,2.5679611650485437
veh2524,2.762135922330097
veh2525,2.4019607843137254
veh2526,2.7941176470588234
veh2527,2.906862745098039
veh2528,3.0686274509803924
veh2529,2.589108910891089
veh253,3.0500725689404935
veh2530,2.707920792079208
veh2531,2.351485148514852
veh2532,3.42
veh2533,2.765
veh2534,2.58
veh2535,3.1
veh2536,3.2575757575757573
veh2537,3.0656565656565657
veh2538,2.7525252525252526
veh2539,2.9242424242424243
veh254,3.099846390168971
veh2540,3.183673469387755
veh2541,2.36734693877551
veh2542,3.1122448979591835
veh2543,2.602040816326531
veh2544,2.572164948453608
veh2545,3.036082474226804
veh2546,2.6958762886597936
veh2547,2.634020618556701
veh2548,2.6979166666666665
veh2549,2.802083333333333
veh255,2.9316720257234725
veh2550,2.9427083333333335
veh2551,3.333333333333333
veh2552,2.4263157894736844
veh2553,2.784210526315789
veh2554,2.4473684210526314
veh2555,2.363157894736842
veh2556,2.9361702127659575
veh2557,2.6063829787234045
veh2558,2.712765957446808
veh2559,2.833333333333333
veh256,2.8488549618320613
veh2560,2.725806451612903
veh2561,3.327956989247312
veh2562,2.618279569892473
veh2563,2.858695652173913
veh2564,2.4782608695652173
veh2565,2.4565217391304346
veh2566,2.413043478260869
veh2567,2.7417582417582413
veh2568,2.7087912087912085
veh2569,3.302197802197802
veh257,3.277616279069768
veh2570,2.631868131868132
veh2571,2.6777777777777776
veh2572,2.572222222222222
veh2573,2.4333333333333336
veh2574,2.4555555555555557
veh2575,2.601123595505618
veh2576,2.4523809523809526
veh2577,3.106741573033707
veh2578,2.556179775280899
veh2579,3.1875
veh258,2.582962962962963
veh2580,2.5681818181818183
veh2581,2.4488636363636362
veh2582,2.6136363636363633
veh2583,2.7586206896551726
veh2584,2.442528735632184
veh2585,2.442528735632184
veh2586,2.4195402298850577
veh2587,2.5
veh2588,2.5930232558139537
veh2589,3.2441860465116275
veh259,2.864825581395349
veh2590,2.941860465116279
veh2591,2.8058823529411763
veh2592,2.523529411764706
veh2593,2.5823529411764703
veh2594,2.5238095238095237
veh2595,2.6964285714285716
veh2596,2.4523809523809526
veh2597,2.4166666666666665
veh2598,2.77710843373494
veh2599,2.5120481927710845
veh26,3.053741496598639
veh260,3.1462882096069866
veh2600,3.2710843373493983
veh2601,2.7289156626506026
veh2602,2.817073170731707
veh2603,2.3780487804878048
veh2604,2.841463414634146
veh2605,2.573170731707317
veh2606,2.7839506172839505
veh2607,2.796296296296296
veh2608,2.3641975308641974
veh2609,2.5617283950617282
veh261,3.0247452692867536
veh2610,2.75
veh2611,2.875
veh2612,2.3875
veh2613,3.0
veh2614,2.5632911392405062
veh2615,3.4295774647887325
veh2616,3.4746835443037973
veh2617,2.651898734177215
veh2618,2.371794871794872
veh2619,2.5
veh262,3.1353711790393013
veh2620,2.5769230769230766
veh2621,2.6794871794871793
veh2622,2.9155844155844153
veh2623,2.733766233766234
veh2624,2.7207792207792205
veh2625,2.6184210526315788
veh2626,2.486842105263158
veh2627,2.8421052631578947
veh2628,2.605263157894737
veh2629,2.38
veh263,2.818049490538573
veh2630,2.46
veh2631,3.242857142857143
veh2632,2.5399999999999996
veh2633,2.608108108108108
veh2634,2.7837837837837838
veh2635,2.662162162162162
veh2636,2.554054054054054
veh2637,3.3309859154929575
veh2638,2.5958904109589045
veh2639,2.8698630136986303
veh264,3.2099125364431487
veh2640,2.582191780821918
veh2641,2.333333333333333
veh2642,2.6944444444444446
veh2643,2.3402777777777777
veh2644,2.9027777777777777
veh2645,2.880281690140845
veh2646,2.654929577464789
veh2647,2.957142857142857
veh2648,2.514084507042253
veh2649,3.642857142857143
veh265,2.9599125364431487
veh2650,3.3
veh2651,3.5857142857142854
veh2652,2.746376811594203
veh2653,2.86231884057971
veh2654,2.5724637681159424
veh2655,2.9782608695652173
veh2656,2.9117647058823533
veh2657,2.4411764705882355
veh2658,3.129032258064516
veh2659,2.7573529411764706
veh266,2.8
veh2660,2.664179104477612
veh2661,2.574626865671642
veh2662,2.455223880597015
veh2663,2.514925373134328
veh2664,2.5
veh2665,2.742424242424242
veh2666,2.484848484848485
veh2667,3.0454545454545454
veh2668,2.4846153846153847
veh2669,3.462264150943396
veh267,2.5368852459016398
veh2670,2.4846153846153847
veh2671,2.4230769230769234
veh2672,2.4140625
veh2673,2.53125
veh2674,2.71875
veh2675,3.359375
veh2676,2.325396825396825
veh2677,2.515873015873016
veh2678,2.3571428571428568
veh2679,3.198412698412698
veh268,2.967153284671533
veh2680,2.935483870967742
veh2681,2.370967741935484
veh2682,2.7903225806451615
veh2684,2.7459016393442623
veh2685,2.4836065573770494
veh2686,3.0254237288135593
veh2687,2.5666666666666664
veh2688,2.4
veh2689,2.7333333333333334
veh269,3.0445255474452555
veh2690,2.4333333333333336
veh2691,2.5175438596491224
veh2692,2.2796610169491522
veh2693,2.9322033898305087
veh2694,2.6186440677966103
veh2695,2.603448275862069
veh2696,2.482758620689655
veh2697,2.9482758620689653
veh2698,2.4655172413793105
veh2699,2.552631578947368
veh27,2.4863221884498476
veh270,3.124087591240876
veh2700,2.6228070175438596
veh2701,2.4649122807017547
veh2702,2.3771929824561404
veh2703,2.616071428571429
veh2704,2.535714285714286
veh2705,2.571428571428571
veh2706,2.607142857142857
veh2707,2.881818181818182
veh2708,2.3
veh2709,2.3727272727272726
veh271,3.030104712041885
veh2710,2.4454545454545453
veh2711,2.351851851851852
veh2712,3.4259259259259256
veh2713,2.5370370370370368
veh2714,2.4433962264150946
veh2715,2.547169811320755
veh2716,2.5566037735849054
veh2717,2.4433962264150946
veh2718,2.6153846153846154
veh2719,2.7888888888888888
veh272,3.263157894736842
veh2720,2.5
veh2721,2.4615384615384617
veh2722,2.5980392156862746
veh2723,2.3235294117647056
veh2724,2.3235294117647056
veh2725,2.568627450980392
veh2726,2.66
veh2727,3.5
veh2728,2.5
veh2729,2.46
veh273,2.709795321637427
veh2730,2.4795918367346936
veh2731,2.846938775510204
veh2732,2.316326530612245
veh2733,2.7653061224489797
veh2734,2.625
veh2735,2.583333333333333
veh2736,2.75
veh2737,2.479166666666667
veh2738,2.5638297872340425
veh2739,2.670212765957447
veh274,2.5645879732739423
veh2740,2.2659574468085104
veh2741,2.6063829787234045
veh2742,2.369565217391304
veh2743,2.5
veh2744,2.4565217391304346
veh2745,2.3
veh2746,2.8777777777777778
veh2747,2.833333333333333
veh2748,2.344444444444444
veh2749,3.2272727272727275
veh275,2.6734992679355782
veh2750,2.909090909090909
veh2751,3.0897435897435894
veh2752,2.5113636363636362
veh2753,2.383720930232558
veh2754,3.0813953488372094
veh2755,2.546511627906977
veh2756,2.383720930232558
veh2757,2.7857142857142856
veh2758,2.5
veh2759,2.7380952380952377
veh276,3.1046852122986826
veh2760,2.5
veh2761,2.573170731707317
veh2762,2.524390243902439
veh2763,2.9634146341463414
veh2764,2.9146341463414633
veh2765,2.65
veh2766,2.75
veh2767,2.65
veh2768,2.4499999999999997
veh2769,2.8846153846153846
veh277,2.4263157894736844
veh2770,2.3205128205128203
veh2771,2.7820512820512824
veh2772,2.8157894736842106
veh2773,2.310810810810811
veh2774,2.552631578947368
veh2775,2.4473684210526314
veh2776,2.743243243243243
veh2777,3.013513513513514
veh2778,2.3108108108108105
veh2779,2.581081081081081
veh278,2.8528550512445094
veh2780,2.3333333333333335
veh2781,2.5
veh2782,2.5555555555555554
veh2783,2.638888888888889
veh2784,2.642857142857143
veh2785,3.4428571428571426
veh2786,2.257142857142857
veh2787,2.757142857142857
veh2788,2.7941176470588234
veh2789,2.5
veh279,2.5225
veh2790,2.676470588235294
veh2791,2.3235294117647056
veh2792,2.590909090909091
veh2793,3.086206896551724
veh2794,2.4696969696969697
veh2795,2.712121212121212
veh2796,3.109375
veh2797,2.5
veh2798,2.625
veh2799,3.1875
veh28,2.888888888888889
veh280,3.0065982404692084
veh2800,2.338709677419355
veh2801,2.467741935483871
veh2802,2.661290322580645
veh2803,2.8
veh2804,2.3666666666666667
veh2805,2.666666666666667
veh2806,2.1
veh2807,2.8103448275862064
veh2808,2.396551724137931
veh2809,3.086206896551724
veh281,2.6011673151750974
veh2810,2.3965517241379306
veh2811,2.4285714285714284
veh2812,2.142857142857143
veh2813,2.9285714285714284
veh2814,2.5
veh2815,2.462962962962963
veh2816,2.314814814814815
veh2817,2.537037037037037
veh2818,3.1296296296296293
veh2819,3.5769230769230766
veh282,3.0989736070381233
veh2820,2.4230769230769234
veh2821,3.5
veh2822,2.653846153846154
veh2823,2.54
veh2824,2.46
veh2825,2.46
veh2826,2.46
veh2827,2.666666666666667
veh2828,2.583333333333333
veh2829,2.5
veh283,2.65943600867679
veh2830,3.0
veh2831,2.3043478260869565
veh2832,2.282608695652174
veh2833,2.5434782608695654
veh2834,2.227272727272727
veh2835,3.1818181818181817
veh2836,3.2272727272727275
veh2837,2.8636363636363638
veh2838,2.9285714285714284
veh2839,2.261904761904762
veh284,2.834801762114537
veh2840,2.7380952380952377
veh2841,2.642857142857143
veh2842,3.0
veh2843,2.3
veh2844,2.7
veh2845,2.5
veh2846,2.4473684210526314
veh2847,2.552631578947368
veh2848,2.3421052631578947
veh2849,2.3421052631578947
veh285,2.9412628487518355
veh2850,2.611111111111111
veh2851,2.9444444444444446
veh2852,3.0384615384615388
veh2853,2.5
veh2854,2.2058823529411766
veh2855,2.4411764705882355
veh2856,2.4411764705882355
veh2857,2.9117647058823533
veh2858,2.375
veh2859,2.5
veh286,2.73568281938326
veh2860,2.5
veh2861,2.75
veh2862,2.033333333333333
veh2863,2.6999999999999997
veh2864,2.3
veh2865,3.071428571428571
veh2866,2.357142857142857
veh2867,2.2142857142857144
veh2868,3.5
veh2869,2.4230769230769234
veh287,2.4867256637168142
veh2870,3.1
veh2871,2.5769230769230766
veh2872,2.590909090909091
veh2873,3.1
veh2874,2.666666666666667
veh2875,2.1666666666666665
veh2876,3.6666666666666665
veh2877,2.409090909090909
veh2878,3.5
veh2879,3.045454545454545
veh288,2.8426470588235295
veh2880,3.4999999999999996
veh2881,2.8999999999999995
veh2882,2.6999999999999997
veh2883,3.5
veh2884,2.6999999999999997
veh2885,2.611111111111111
veh2886,2.3888888888888893
veh2887,1.7222222222222223
veh2888,1.9444444444444442
veh2889,2.5
veh289,2.508426966292135
veh2890,2.25
veh2891,2.5
veh2892,2.5
veh2893,2.357142857142857
veh2894,2.3571428571428568
veh2895,2.3571428571428568
veh2896,3.5
veh2897,2.833333333333333
veh2898,2.833333333333333
veh2899,1.8333333333333333
veh29,3.1433333333333335
veh290,3.0191176470588235
veh2900,2.3000000000000003
veh2901,2.6999999999999997
veh2902,3.1000000000000005
veh2903,3.5
veh2904,2.5
veh2905,3.0
veh2906,2.5
veh2907,2.5
veh2908,3.5
veh2909,4.833333333333333
veh291,2.6885125184094254
veh2910,2.1666666666666665
veh2911,1.5
veh2912,2.5
veh2913,2.5
veh2914,2.5
veh2915,1.5
veh2916,1.5
veh2917,3.5
veh2918,3.5
veh2919,1.5
veh292,2.7702503681885124
veh293,2.679775280898876
veh294,3.003681885125184
veh295,2.846645367412141
veh296,2.914454277286136
veh297,3.1932153392330385
veh298,2.9859882005899703
veh299,2.6363636363636362
veh3,2.538123167155425
veh30,2.65255376344086
veh300,2.8670605612998528
veh301,3.0288035450516984
veh302,2.8011456628477904
veh304,2.8269230769230766
veh305,3.1429629629629625
veh306,2.7519280205655523
veh307,3.1014814814814815
veh308,2.7407407407407405
veh309,3.0814814814814815
veh31,2.697721179624665
veh310,2.85459940652819
veh311,2.655044510385757
veh312,3.0519287833827895
veh313,2.6743323442136497
veh314,2.362068965517241
veh315,2.701851851851852
veh316,2.8682719546742215
veh317,2.782722513089005
veh318,3.276041666666667
veh319,2.6897321428571432
veh32,2.9390080428954426
veh320,3.091726618705036
veh321,2.5697211155378485
veh322,2.8
veh323,2.7155797101449277
veh324,2.8725782414307
veh325,3.1040816326530614
veh326,2.6477611940298504
veh327,2.6188016528925617
veh328,2.6701492537313434
veh329,3.0073394495412846
veh33,2.8579088471849867
veh330,2.6415562913907285
veh331,2.710953346855984
veh332,3.0680119581464873
veh333,2.7440119760479043
veh334,3.2252994011976046
veh335,2.899700598802395
veh336,2.831081081081081
veh337,2.5796019900497513
veh338,2.971514242878561
veh339,2.5483383685800605
veh34,2.497442455242967
veh340,2.9632768361581916
veh341,2.580472103004292
veh343,3.1021021021021022
veh344,2.5511363636363638
veh345,2.7766917293233084
veh346,2.5999999999999996
veh347,2.9953125
veh348,2.5736842105263156
veh349,2.4589041095890414
veh35,2.71669341894061
veh350,2.814006024096386
veh351,2.6805309734513276
veh352,3.0543478260869565
veh353,3.19079939668175
veh354,2.7261072261072257
veh355,2.647196261682242
veh356,2.837858220211161
veh357,2.885196374622357
veh358,3.287009063444109
veh359,3.08761329305136
veh36,3.0033557046979866
veh360,2.8013595166163143
veh361,2.648014440433213
veh362,2.897125567322239
veh363,3.1444780635400904
veh364,2.562878787878788
veh365,2.643939393939394
veh366,3.0507575757575753
veh367,2.8772151898734175
veh368,3.0682852807283765
veh369,3.1525037936267073
veh37,2.8892617449664435
veh370,2.8679817905918057
veh371,2.919575113808801
veh372,2.901215805471124
veh373,3.0197568389057747
veh374,2.816109422492401
veh375,2.515679442508711
veh376,2.923896499238965
veh377,2.5111940298507465
veh378,3.047945205479452
veh379,2.4548387096774196
veh38,2.5914127423822713
veh380,2.974085365853658
veh381,2.864329268292683
veh382,2.5978260869565215
veh383,2.6247030878859854
veh384,2.697149643705463
veh385,2.888549618320611
veh386,2.8541984732824432
veh387,2.77557251908397
veh388,3.1544342507645258
veh389,2.9113149847094806
veh39,3.306451612903226
veh390,3.019113149847095
veh391,2.782874617737003
veh392,2.8468606431852983
veh393,2.873660030627871
veh394,2.550788091068301
veh395,2.7407975460122698
veh396,2.6829025844930414
veh397,3.0958588957055215
veh398,2.642638036809816
veh399,3.0253456221198154
veh4,2.6344086021505375
veh40,2.531496062992126
veh400,2.7096774193548385
veh401,2.7747252747252746
veh402,3.089861751152074
veh403,3.1484615384615386
veh404,3.2430769230769236
veh405,2.7218700475435815
veh406,2.78
veh407,2.7064714946070882
veh408,2.978428351309707
veh409,2.873651771956857
veh41,2.5549132947976876
veh410,2.9151193633952257
veh411,2.578239608801956
veh412,2.881172839506173
veh413,2.903549382716049
veh414,2.683641975308642
veh415,2.982225656877898
veh416,2.857429718875502
veh417,2.5543478260869565
veh418,2.4899598393574296
veh419,3.071207430340557
veh42,3.031586021505376
veh420,3.0566298342541436
veh421,2.9667182662538703
veh422,2.492857142857143
veh423,2.933609958506224
veh424,2.996899224806201
veh425,2.9806201550387597
veh426,2.701954397394137
veh427,2.9619565217391304
veh428,2.8532608695652173
veh429,3.076086956521739
veh43,2.5575396825396823
veh430,2.9362363919129084
veh431,2.7581648522550544
veh432,2.7740963855421685
veh433,3.090979782270607
veh434,2.8008130081300813
veh435,2.5292792792792795
veh436,3.000778816199377
veh437,2.6736760124610592
veh438,2.8120124804992197
veh439,2.603030303030303
veh44,2.3932038834951457
veh440,3.207592891760905
veh441,2.78393135725429
veh442,2.6909667194928684
veh443,2.9234375
veh444,2.6296875
veh445,2.971169686985173
veh446,2.5256410256410255
veh447,2.82380073800738
veh448,2.894366197183098
veh449,3.086071987480438
veh45,2.4598765432098766
veh450,3.1692789968652035
veh451,2.628504672897196
veh452,2.4922813036020584
veh453,2.708333333333333
veh454,2.785714285714286
veh455,3.0188383045525904
veh456,2.512558869701727
veh457,2.7539308176100628
veh458,2.7389937106918234
veh459,2.8875786163522013
veh46,2.8189771197846567
veh460,2.72397476340694
veh461,2.64251968503937
veh462,3.1078740157480316
veh463,2.8826771653543304
veh464,3.174015748031496
veh465,2.722397476340694
veh466,2.6717451523545708
veh467,2.8088235294117645
veh468,2.642595978062157
veh469,2.8412322274881516
veh47,2.912049861495845
veh470,3.223538704581358
veh471,2.7827804107424963
veh472,2.830963665086888
veh473,3.0300187617260783
veh474,2.589398734177215
veh475,2.7618670886075947
veh476,2.9003164556962027
veh477,3.2543581616481774
veh479,2.737717908082409
veh48,2.4376770538243626
veh480,2.989698890649762
veh481,2.660664819944598
veh482,2.8209219858156027
veh483,3.070634920634921
veh484,2.5913120567375887
veh485,2.6686046511627906
veh486,2.9920508744038155
veh487,3.1542056074766354
veh488,3.0553145336225596
veh489,2.6285714285714286
veh49,2.8605121293800537
veh490,3.113057324840764
veh491,3.0095541401273884
veh492,2.957735247208931
veh493,2.951355661881978
veh494,3.0869218500797455
veh495,3.160287081339713
veh496,2.9247448979591835
veh497,3.0031948881789137
veh498,2.488219895287958
veh499,2.861022364217253
veh5,3.2602921646746346
veh50,3.3072776280323453
veh500,3.1181384248210025
veh501,3.2400662251655628
veh502,2.538961038961039
veh503,2.8920000000000003
veh504,2.7964743589743595
veh505,2.9895833333333335
veh506,2.9174679487179493
veh507,2.84775641025641
veh508,2.885232744783307
veh509,2.6294117647058823
veh51,2.606534090909091
veh510,3.1131621187800964
veh511,3.115313653136531
veh512,3.1479099678456586
veh513,2.781021897810219
veh514,3.0393890675241155
veh515,2.6578947368421053
veh516,2.5547504025764898
veh517,3.096618357487923
veh518,2.6126373626373627
veh519,3.0487465181058497
veh52,2.730094466936572
veh520,2.5255905511811023
veh521,2.946774193548387
veh522,2.442857142857143
veh523,2.77140549273021
veh524,2.6739130434782608
veh525,2.4163763066202093
veh526,3.0591397849462365
veh527,3.003236245954693
veh528,2.8802588996763756
veh529,3.0145631067961167
veh53,2.9379217273954112
veh530,3.1715210355987056
veh531,3.0153970826580223
veh532,3.346029173419773
veh533,2.8346839546191247
veh534,3.1742301458670985
veh535,3.056818181818181
veh536,3.0568181818181817
veh537,2.8198051948051948
veh538,2.7418831168831166
veh539,2.894308943089431
veh54,3.0114709851551957
veh540,2.805691056910569
veh541,3.126016260162601
veh542,2.5585365853658533
veh543,3.1742671009771986
veh544,3.0846905537459284
veh545,2.9967426710097715
veh546,3.0
veh547,2.8165829145728645
veh548,2.462886597938144
veh549,3.17536704730832
veh55,3.0236486486486482
veh550,3.186371100164204
veh551,2.905228758169935
veh552,3.070261437908497
veh553,3.0841503267973858
veh554,3.043371522094927
veh555,2.7782324058919805
veh556,2.5227790432801824
veh557,2.804418985270049
veh558,2.4879518072289155
veh559,2.47228144989339
veh56,2.7385135135135132
veh560,2.598360655737705
veh561,2.886065573770492
veh562,2.7898193760262724
veh563,3.3308702791461413
veh564,2.9696223316912973
veh565,2.880952380952381
veh566,2.8842832469775477
veh567,2.766447368421053
veh568,2.953125
veh569,2.6044226044226044
veh57,2.7589498806682577
veh570,2.895387149917628
veh571,3.043657331136738
veh572,2.7479406919275124
veh573,3.047854785478548
veh574,2.5728782287822876
veh575,3.2714521452145213
veh576,2.5374331550802136
veh577,3.2126050420168064
veh578,2.851575456053068
veh579,2.930578512396694
veh58,2.663
veh580,2.9496336996337
veh581,3.1605960264900665
veh582,3.0010799136069117
veh583,2.9580335731414866
veh584,2.974337748344371
veh585,3.0207296849087895
veh586,2.904643449419569
veh587,2.9305054151624548
veh588,2.517684887459807
veh589,2.894518272425249
veh59,2.745888157894737
veh590,2.6258741258741263
veh591,2.8878737541528237
veh592,3.1428571428571432
veh593,2.495008319467554
veh594,2.5278422273781906
veh595,3.1971713810316142
veh596,2.6742596810933943
veh597,2.8991666666666664
veh598,2.851380042462845
veh599,2.8516666666666666
veh6,2.7133333333333334
veh60,2.8697813121272366
veh600,2.458955223880597
veh601,2.707846410684474
veh602,2.9774624373956593
veh603,3.0709515859766277
veh604,2.730769230769231
veh605,2.9163879598662206
veh606,3.0668896321070234
veh607,3.1270903010033444
veh608,2.589810017271157
veh609,2.620603015075377
veh61,2.740530303030303
veh610,2.9288107202680065
veh611,2.8852596314907872
veh612,3.1954177897574128
veh613,2.9555369127516777
veh614,3.12248322147651
veh615,3.1157718120805367
veh616,2.983193277310924
veh617,3.1025210084033614
veh618,2.842857142857143
veh619,2.657983193277311
veh62,3.0704607046070462
veh620,3.1153198653198655
veh621,2.8509174311926606
veh622,2.7435185185185187
veh623,2.606761565836299
veh624,3.0227655986509276
veh625,3.1863406408094432
veh626,2.8566610455311974
veh627,3.1492411467116357
veh628,3.027027027027027
veh629,2.532362459546926
veh63,2.9356368563685638
veh630,3.3699324324324325
veh631,2.977079796264856
veh632,2.9915397631133676
veh633,2.550632911392405
veh634,2.779187817258883
veh635,3.001919385796545
veh636,2.986440677966102
veh637,2.8772893772893773
veh638,2.7703389830508476
veh639,3.3404494382022474
veh64,3.0558464223385693
veh640,2.7945670628183357
veh641,2.7927063339731286
veh642,3.129032258064516
veh643,2.713414634146342
veh644,2.6666666666666665
veh645,2.9566326530612246
veh646,2.8290816326530615
veh647,3.116695059625213
veh648,2.728279386712095
veh649,3.132027257240204
veh65,2.796747967479675
veh650,2.7325383304940374
veh651,2.802901023890785
veh652,3.0583333333333336
veh653,3.1440677966101696
veh654,3.00625
veh655,3.1256410256410256
veh656,3.064102564102564
veh657,3.2722602739726026
veh658,3.127350427350428
veh659,2.9854452054794516
veh66,2.6316146540027137
veh660,3.2414383561643834
veh661,3.238013698630137
veh662,2.8065068493150687
veh663,2.503430531732419
veh664,3.2547169811320753
veh665,2.645679012345679
veh666,3.312714776632302
veh667,3.0850515463917527
veh668,3.0182608695652178
veh669,2.8900343642611688
veh67,2.843962008141113
veh670,3.3227194492254735
veh671,2.592941176470588
veh672,2.96815834767642
veh674,3.039655172413793
veh675,2.9043715846994536
veh676,2.943103448275862
veh677,3.014655172413793
veh678,2.949519230769231
veh679,2.411357340720222
veh68,3.229308005427409
veh680,3.2651122625215887
veh681,2.5008635578583767
veh682,2.773356401384083
veh683,2.7287104622871055
veh684,2.7655709342560555
veh685,2.4404761904761902
veh686,2.7123050259965336
veh687,2.874350086655112
veh688,2.626516464471404
veh689,3.0285961871750433
veh69,3.0325644504748985
veh690,2.910590277777778
veh691,2.998263888888889
veh692,3.131944444444444
veh693,2.986111111111111
veh694,3.168695652173913
veh695,2.950434782608696
veh696,2.869565217391304
veh697,3.0993031358885017
veh698,3.150696864111498
veh699,2.8937282229965153
veh7,2.647169811320755
veh70,2.5558510638297873
veh700,2.9028384279475983
veh701,3.316753926701571
veh702,2.677906976744186
veh703,2.68673647469459
veh704,2.647469458987784
veh705,2.7036713286713283
veh706,2.9256993006993004
veh707,3.201923076923077
veh708,3.3216783216783217
veh709,3.0788091068301227
veh71,2.4966032608695654
veh710,2.737623762376238
veh711,2.9947460595446587
veh712,2.962346760070053
veh713,2.83859649122807
veh714,3.219298245614035
veh715,2.9491228070175435
veh716,3.0324561403508774
veh717,2.6800731261425965
veh718,2.7161687170474518
veh719,3.1397188049209137
veh72,2.9904891304347823
veh720,2.663444639718805
veh721,2.51980198019802
veh722,2.948943661971831
veh723,2.950704225352113
veh724,2.7008849557522123
veh725,2.702586206896552
veh726,2.4858906525573192
veh727,2.831569664902998
veh728,2.7057142857142855
veh729,2.809187279151944
veh73,2.516701461377871
veh730,2.7098360655737705
veh731,3.2261484098939928
veh732,3.1336283185840705
veh733,2.522160664819945
veh734,3.0027173913043477
veh735,3.14070796460177
veh736,2.7819148936170213
veh737,2.995567375886525
veh738,3.265070921985816
veh739,2.9308510638297873
veh74,2.5140515222482436
veh740,2.4767441860465116
veh741,2.706039076376554
veh742,3.078152753108348
veh743,2.612962962962963
veh744,2.654804270462633
veh745,2.5516014234875444
veh746,3.048932384341637
veh747,3.1209964412811386
veh748,2.664884135472371
veh749,3.0677361853832448
veh75,2.680061823802164
veh750,2.913547237076649
veh751,2.6871657754010694
veh752,2.9955357142857144
veh753,3.058928571428572
veh754,3.157817109144543
veh755,3.006261180679785
veh756,3.2236135957066185
veh757,2.9134831460674153
veh758,3.0295169946332736
veh759,2.801075268817204
veh76,2.468652037617555
veh760,2.8279569892473115
veh761,3.193548387096774
veh762,2.6702508960573477
veh763,2.9811490125673252
veh764,2.656193895870736
veh765,2.8626570915619394
veh766,3.057213930348259
veh767,2.7724820143884896
veh768,3.110611510791367
veh769,2.5739371534195934
veh77,2.997959183673469
veh770,3.1384976525821595
veh771,3.11139896373057
veh772,2.8279279279279277
veh773,3.1342342342342344
veh774,2.8531531531531535
veh775,2.9693140794223822
veh776,3.3258122743682312
veh777,3.1409090909090907
veh778,2.8777777777777778
veh779,2.8490054249547923
veh78,2.6254980079681274
veh780,3.189873417721519
veh781,2.7820976491862566
veh782,3.1663652802893303
veh783,3.244565217391304
veh784,2.903985507246377
veh785,2.7681159420289854
veh786,2.9246823956442825
veh787,2.7105263157894735
veh788,3.0299455535390196
veh789,2.980036297640653
veh79,2.4883381924198256
veh790,3.213457076566125
veh791,2.830909090909091
veh792,2.644545454545455
veh794,2.6511839708561022
veh795,3.1666666666666665
veh796,3.04735883424408
veh797,2.5200945626477544
veh798,2.8667883211678835
veh799,2.516908212560387
veh8,2.4302325581395348
veh80,2.613793103448276
veh800,2.723118279569893
veh801,3.0675182481751824
veh802,2.983546617915905
veh803,2.6608775137111516
veh804,3.2760511882998173
veh805,2.774193548387097
veh806,3.087912087912088
veh807,2.4440993788819876
veh808,2.600732600732601
veh809,2.802197802197802
veh81,3.0061307901907357
veh810,3.293577981651376
veh811,2.7314540059347183
veh812,2.818348623853211
veh813,2.8816513761467886
veh814,2.46
veh815,3.2132352941176467
veh816,2.875
veh817,2.7096774193548385
veh818,2.6731123388581954
veh819,3.252302025782689
veh82,2.7578444747612547
veh820,2.8572744014732967
veh821,3.2555350553505535
veh822,2.693726937269372
veh823,2.9464944649446494
veh824,2.9624277456647397
veh825,2.8463687150837993
veh826,3.285582255083179
veh827,2.741219963031423
veh828,2.592307692307692
veh829,3.053703703703704
veh83,2.656312625250501
veh830,3.0722222222222224
veh831,3.2175925925925926
veh832,2.8732251521298178
veh833,3.24582560296846
veh834,3.2421150278293136
veh835,2.7849999999999997
veh836,2.5330739299610894
veh837,3.437732342007435
veh838,3.0055762081784385
veh839,3.104089219330855
veh84,2.461077844311377
veh840,2.583333333333333
veh841,2.6564245810055866
veh842,2.7895716945996276
veh843,2.5325203252032518
veh844,2.7681564245810057
veh845,3.124742268041237
veh846,3.1343283582089554
veh847,3.1417910447761193
veh848,2.7616822429906547
veh849,3.147663551401869
veh85,3.111869031377899
veh850,2.703233256351039
veh851,3.357009345794393
veh852,3.374531835205993
veh853,3.0112359550561796
veh854,2.598240469208211
veh855,3.2762172284644193
veh856,2.98780487804878
veh857,2.8977485928705438
veh858,3.0590994371482174
veh859,3.264540337711069
veh86,2.707650273224044
veh860,2.551980198019802
veh861,2.6103896103896105
veh862,2.515810276679842
veh863,2.9868421052631584
veh864,3.4048964218455744
veh865,2.7410546139359693
veh866,2.4581589958158996
veh867,2.7213114754098364
veh868,2.6528301886792454
veh869,2.9207547169811323
veh87,3.0778688524590163
veh870,3.2264150943396226
veh871,2.9839622641509433
veh872,2.9054820415879017
veh873,3.0841209829867675
veh874,3.0180265654648952
veh875,2.6590909090909087
veh876,2.4695290858725762
veh877,2.4146005509641872
veh878,3.185606060606061
veh879,2.8501026694045177
veh88,2.835382513661202
veh880,2.836812144212524
veh881,3.209677419354839
veh882,2.9772296015180264
veh883,2.5332103321033212
veh884,3.0237642585551328
veh885,2.7756653992395433
veh886,2.8488593155893533
veh887,3.166666666666667
veh888,2.7429667519181584
veh889,2.9152380952380956
veh89,2.6721311475409832
veh890,2.980952380952381
veh891,3.0833333333333335
veh892,3.0114503816793894
veh893,2.6908396946564888
veh894,3.0
veh895,2.82404181184669
veh896,2.8527724665391965
veh897,2.753346080305927
veh898,2.704588910133843
veh899,3.2394636015325675
veh9,3.056515957446809
veh90,2.917920656634747
veh900,2.9329501915708813
veh901,3.109195402298851
veh902,2.8122605363984676
veh903,2.50383877159309
veh904,2.48974358974359
veh905,3.118042226487524
veh906,2.6653846153846152
veh907,2.901923076923077
veh908,2.733653846153846
veh909,2.5966850828729284
veh91,2.9220246238030096
veh910,2.961464354527938
veh911,2.7764932562620426
veh912,3.000963391136801
veh913,2.869047619047619
veh914,2.492857142857143
veh915,2.6885880077369437
veh916,2.802123552123552
veh917,2.812741312741313
veh918,2.9410058027079304
veh919,2.3887814313346225
veh92,2.6541666666666663
veh920,3.0493230174081236
veh921,3.1372549019607843
veh922,2.797480620155039
veh923,2.854651162790698
veh924,2.5075471698113208
veh925,2.7926356589147288
veh926,2.997087378640777
veh927,3.3592233009708736
veh928,3.066990291262136
veh929,3.190291262135922
veh93,3.06027397260274
veh930,3.1099221789883265
veh931,2.9844357976653697
veh932,3.0700389105058368
veh933,3.073929961089494
veh934,2.666666666666667
veh935,2.676413255360624
veh936,3.0653021442495128
veh937,3.009765625
veh938,3.0234375
veh939,2.943359375
veh94,3.0074626865671643
veh940,2.845703125
veh941,3.0518590998043047
veh943,3.111545988258317
veh944,2.840508806262231
veh945,2.8441176470588236
veh946,2.9303921568627453
veh947,2.780392156862745
veh948,2.5244252873563218
veh949,2.946954813359528
veh95,2.958904109589041
veh950,2.7023575638506876
veh951,2.778978388998036
veh952,3.029469548133595
veh953,2.4905149051490514
veh954,3.0576923076923075
veh955,2.9320866141732282
veh956,3.165354330708661
veh957,2.712244897959184
veh958,2.9043392504930967
veh959,2.7130177514792897
veh96,2.5511508951406645
veh960,3.1370808678500985
veh961,3.1462450592885376
veh962,2.811264822134387
veh963,3.273715415019763
veh964,2.725296442687747
veh965,3.3009900990099013
veh966,2.721782178217822
veh967,3.086138613861386
veh968,3.3353174603174605
veh969,2.628968253968254
veh97,2.783264746227709
veh970,3.328373015873016
veh971,2.5168067226890756
veh972,2.790258449304175
veh973,2.5755467196819084
veh974,3.3041749502982105
veh975,2.9804400977995105
veh976,2.5855018587360594
veh977,2.9322709163346614
veh978,2.8446215139442232
veh979,2.7260956175298805
veh98,2.4902309058614565
veh980,3.278443113772455
veh981,3.1666666666666665
veh982,2.5415094339622644
veh983,2.9750499001996005
veh984,3.29
veh985,2.682
veh986,2.7233676975945014
veh987,2.66
veh988,3.1412825651302603
veh989,2.8301435406698565
veh99,2.5971867007672635
veh990,3.351703406813627
veh991,2.7685370741482966
veh992,3.261044176706827
veh993,2.7325056433408577
veh994,2.6224899598393576
veh995,2.646103896103896
veh996,2.5965794768611667
veh997,3.11569416498994
veh998,2.8400402414486923
veh999,3.155241935483871
